2149287415960.9668,-27121888486.201336,-458260442781.43518,287228412872.46191,106807620926.36333,429505215768.73975,-562636441636.11414,-166695527092.85138,296597982556.62671,482185356570.85217,-396698496116.26654,38801248476.374359,-194878341006.7179,-399976861506.16956,683590964587.31763,-181520326573.98981,199659194768.12952,342459125973.52368,-675171598821.7876,1111526189387.915,-208684584826.85538,458343843365.11725,746293129943.33984,-333142445860.6947,248053018175.28461,-724562959704.25208,420204135164.38385,284109239075.06354,-526210794492.61945,-43519726069.889893,1080401520477.8777,-631039215340.64221,-77322747811.543594,-168496965731.35388,280035041280.86884,-369075198793.50958,106054469123.85886,139092531249.86664,829892624309.10828,-180676486843.77908,242865831728.27203,557062261382.7063,200385034232.21417,417829732088.54602,322245309657.32684,230909700604.59238,547951671439.29462,635653547036.35852,353472544625.55243,-147620926324.55475,406305390791.47485,1178534292413.4233,825772944518.03589,411594234465.27441,-391394915130.05737,-703453490992.33447,-581453537010.56885,393528160732.44086,173146721389.52002,3921708447.7555752
-551207758682.6521,26434619250.688629,-918614148399.59717,25433740372.457653,353407662821.6463,-385550146424.10272,-166046211149.8746,865751008622.84155,-315520943195.43524,-33685370563.165855,383015287347.80566,-390283904505.3338,-878542943364.98438,680124967632.40588,-108604675244.58406,-551296936628.59351,998597207399.22668,-838071326670.83252,869178541786.24854,-446283306690.21246,-1257011265299.7722,1527092747421.0642,-235306788764.27283,-731684268547.85706,256962049851.31543,-1425496965567.061,751451472751.68665,-655704579251.09229,935787287538.43396,-470942724318.08118,468599205956.435,-278054414799.47528,-232055137760.38004,-632720247829.23853,457956875239.66809,18382354872.872311,-96948363452.286392,139890948690.63232,494815290057.22931,213517913882.28699,-575490830992.55847,-828894359190.54126,247259165574.05301,-62923842419.43335,-722049663960.20691,-1324586714738.4124,-1078117435494.4054,-492739885962.21906,-663542236986.0354,-355411810828.11896,9054363725.7894096,-125161651940.64066,-20135690915.154518,-177700426872.39752,400366338510.55371,1387449275574.1245,776985303753.97876,865430162638.91125,1307036471940.1575,994610630193.06995
515674294693.56714,-477462311425.40173,-178979597478.66348,428082053863.47992,362747211135.00903,-233576275709.90106,-326861038428.24304,-113456265307.76607,340373562595.98596,-18501736395.586361,-310196021045.49078,526293882961.26001,-293273455477.72009,-53377451471.065742,156290564250.40005,151859286853.50037,-268147349866.30005,592489876366.99463,363547911515.00568,-658917825457.77808,474000160567.0564,-421451045949.82654,-362623822710.3241,182052968257.22781,650277353638.08435,-1309575991177.1526,1015030511781.9177,-530845281994.28088,566322956234.26782,-346762793289.73743,-388679385347.02533,43555144510.970924,-94232677250.697876,110274211024.05325,-145075107402.07455,-60694608738.237442,-17156814871.146265,-386504218882.65588,-362049322891.6969,-138984873307.51849,-297904483897.51733,-711549563222.44348,-438812296623.13147,77789487255.761795,871195118321.75378,327481562143.1853,-680725484372.9491,-232510603788.6806,210607954508.48798,-228896295365.44995,-629022149101.30725,-548104688112.29425,-62670046013.356163,-459661926407.05762,189128213309.45291,611093404625.57007,915927866184.15356,453559808953.42535,2051146297182.3706,3290803806126.5288
-1238637695896.178,-165361540276.1171,935839962162.94971,68723689249.417831,-137466411497.61249,695203631541.10571,-1279430667381.1274,-2966198857.0748019,470303426454.11298,218128776485.33615,-311059164942.26276,1090990970316.2589,-1099213855516.5554,-386924322610.03485,198327252963.513,-247899191879.89969,350784122907.2547,587337603876.26672,-802872680359.7113,762628413431.94971,-184805418841.66641,-905382901881.96741,1627897550649.9138,-1513745592332.8145,1286679771483.2368,462023346055.55188,17166670987.574213,1025823593955.0037,-540022051582.84393,1098447142914.6492,-1479595431980.7932,487201421669.08246,-457321162980.99805,1615944928895.5369,355064740875.37201,860710883385.98804,766366457735.32068,-118182815222.93095,61795789037.730591,-196120182719.3345,761332414686.5835,-231904461741.85129,530459255255.52826,352452278931.50183,26033295752.081112,658626006871.49902,-346398795158.99524,-642859253967.91125,-1020889797722.9038,-389316241764.39404,817400806206.26855,217748369455.55176,34451262293.319206,539790856857.22498,-495834698981.46832,-37448647025.563911,294933322614.2146,974350424881.33521,778851692776.31311,1233088055467.7532
1205798709229.0981,854364445248.54785,-310323519600.83899,-290776730969.07764,437014526468.24927,561731738960.77344,-957749455494.76489,339457760002.13519,338407206182.70508,-736090450646.72595,3146942432.6105013,827065121371.89832,-430184638460.18347,-175799432696.42148,62883165107.346024,-224317711814.72235,6320385316.3181667,474335354959.11194,-489648206283.39868,1345020178409.6907,-496751605071.00781,-100716607001.19768,596389459509.91931,-313030095207.84387,140523921485.06796,478367836121.55585,275693498037.8858,-152182889349.83994,689054927071.98694,-747962978135.22888,330715756614.21881,-377212229436.85394,-277781021750.13812,-47539497856.438431,-192448782085.77164,465773824389.77765,671341376781.15576,-541184616023.91302,-63702806377.141594,-318100720917.48462,238422574170.13773,-24730517875.224934,266500219468.66217,434794317097.22089,-1134972066.8573599,322959816292.00806,-162303611055.85477,-1331971059724.6704,-856430405159.21606,-262496723206.08719,-354220886808.38354,136460969870.93103,87193782848.76535,313672358749.74066,579872333094.37476,-80367255760.080688,-863814335304.3894,499884626076.6076,1358093711442.623,-132374301260.60365
2104869230059.8772,-1707360077246.7139,-554638121464.74634,1284905132902.0662,-517869279526.32166,334295476309.34906,-125450170948.42572,5310210545.006814,-930802172919.87231,963627642683.20459,-40125778278.286766,-328828076600.34644,-221001775212.63522,-26296364144.289486,150385278139.30972,-794285552042.29041,292901760470.85986,-66683965305.976021,-306855964155.80957,1632125684290.3635,-449185518122.56946,218340278819.18954,376295427280.32697,-285546674554.91339,-496426422947.56366,905360312850.81677,-651142331596.55493,401515384294.40491,444708337085.47406,-350276167297.89642,-348104896975.05298,283455702231.11884,88533964425.549469,170388296185.46545,268449984275.55963,72402012448.9814,1052391118608.5533,-192332737983.9826,-495214887830.02728,-394825384118.08093,-179718654222.03516,-360509514506.79541,-175638254993.35327,61807012469.86364,232927217519.8876,-408373845837.70111,-525586656815.41913,-1203888004438.552,-271788935797.96671,34364187814.187347,-48577494280.24305,-457657319550.33929,87154481445.97641,396572834015.16913,-676262440444.68945,-679269774476.47534,40069250019.013611,1350579929472.937,2847041858596.4019,1142533642591.7793
502035722709.25781,-1118376815759.4111,2130095499653.6704,-1176876789887.6279,39859647759.487099,120911094533.70282,390947308929.41992,-478823558129.80713,-223511201208.6463,314247656133.74469,-392193645808.53534,1171137727773.7778,-533717431826.70947,-422150420874.09473,1015830822471.7311,-1251079641696.6042,1541321923176.675,-2381464874721.6987,1400733623516.3291,-474209161818.9494,1227208522891.4363,-492358602915.75024,396351292449.46979,-356087586876.33972,541961301580.48859,1328352750706.1108,-1256037907330.5312,1249823161844.9573,607640443894.22302,-53066061960.218292,337265909138.2395,-774707382510.14697,558546093189.01416,-127505134321.7811,362619464871.11652,-700842298641.87146,1317843257643.8601,343197891491.11444,259022352624.52863,-662724592731.11475,170528569095.78873,-232386150897.76587,597407315663.13635,-671429638731.6947,-458439138678.84534,-783008596527.85791,-195057045623.79132,-135107187960.47771,-119309608748.98824,-479176258875.07074,-364377076479.18781,336481600754.22058,401492868221.49878,778480640616.86194,1287002711706.019,641586842237.57678,202278651592.85916,-184136764653.71899,228338648319.31189,675226680157.57068
1462895096469.4309,-343740723900.61078,31673382351.084141,127701382873.6738,-393682407751.59576,-137063496296.11063,510657115485.05798,237515062504.02328,-572492508925.33508,247946232258.33759,-372119834148.86475,880881960362.646,15920303633.424093,-216707672647.02298,-513508891500.42542,635168644228.14697,100570386062.0853,-1028214736105.051,1323059048471.533,-1134836915713.5881,939613226408.54321,-199879714044.63461,599251146314.41992,-2056623908540.6216,1149768734476.6565,-100778519019.62105,-583748327457.93701,956025326931.37,501046528864.26636,413337825123.9856,-271250457281.05273,28822080431.24255,-420137570240.08264,581612643003.7373,255175806513.82898,49379112815.054436,324787211997.56927,164409312917.98029,547984178894.23761,-458162980337.31226,1179021259572.543,-287653471949.83997,477387771669.0459,-132026754621.47258,-386619057684.07593,-371948660836.38586,-588595781015.79016,-1058929843045.431,-362692116962.51453,-108713867072.30766,-166014253848.84561,-833664695944.0365,-1178661088490.3911,-204997104052.52097,461790394717.50806,593804016097.8772,-1428617462211.0654,-89827496702.851196,1210133155758.3018,-220470128194.47925
-40325788025.195999,-865405509997.56628,1189877855841.6794,-707093576429.03491,-371999430264.74878,-27004400747.088196,-243104110515.56198,1123207934554.2258,-515668386885.05212,-232460983528.47385,-151526846981.97104,1133421939671.5764,91577247323.308594,-157837885487.70013,-1055778341191.3639,911722672931.31628,-579225921212.70264,817197174975.91223,-246240895497.1644,-2018654817208.6121,1043136828855.6531,559490660923.41663,-882520436223.21155,-307534405111.95068,-2040009804588.0862,1742962901636.428,-2941587692594.418,-136340453792.50346,2325623241267.9033,-1779986433453.8699,917041171095.08899,-1480649744033.1082,-5924848017.0447321,1595639390035.1084,-685022828306.32483,-410806360574.87878,1769358748588.6174,2060304868141.0598,1910297476003.4353,-1371949439575.3579,225568232541.67136,-629387025592.33862,-426370985032.1593,640083072491.20068,276560487482.25653,807463991377.66821,-228675855604.57187,-488734556722.75659,-168212026886.95886,-784592864331.94348,-397327852704.00653,44833338686.044212,-480649900958.16608,-1801855701753.4915,-1026575280008.5663,279901583860.36481,-1285790231478.0251,-1560116404518.1316,-770147086213.02893,536942224093.48846
-254307080491.19385,846682039857.9657,-254812699689.59744,749765743145.3728,-1208404932245.0037,-445780992747.95825,550722182556.99707,77121289754.454483,41854481867.202774,-705556532919.24719,744755722210.84485,1007662177666.819,-532707967318.2309,154217966668.33337,-1180563305114.99,415995648139.40466,-153315770678.65363,856930503982.66357,-774074702039.62854,96905943594.423447,606001386805.46326,418584761837.81274,-339122902168.51691,-115658789235.95526,-826018832129.15381,855540934706.22644,-150498958699.76956,-1596497574144.6309,4588628441512.8242,613246334564.93054,-484734677798.95764,-1506540563837.2258,-48068658712.438614,292521951212.73462,-17267908244.678802,-927592028557.02258,-504617632753.74768,3572778477080.2407,3677776964924.7241,2550909509887.1216,-1720045157467.3303,-542328889342.2403,-393868834182.06604,173291368741.4335,-294937818202.29248,-161535767631.46072,314509957445.47223,277073706903.9502,1260886682624.9268,1170615718898.4575,268596559426.86804,-608972177393.92822,-930772098232.91187,-3333209126126.2788,-4166452689902.8052,-506309452109.82245,-30676213059.56427,101175672738.40512,-788183050527.04163,-1057895227682.3232
-1409389314394.6191,-107858034085.69919,957943882041.45691,-1464288786064.5059,89089509300.90274,-120163371884.41595,210442157238.78012,-260444893563.37253,90142476714.177887,-333365996865.01288,366095786571.40607,598595589234.27454,-316319624551.4715,-156205011139.03241,-427605241241.04871,-188764529454.26645,205107829130.62869,-105032953605.40802,-821810409503.26709,448111833557.75555,91699099253.293686,203188868172.29846,700827382644.33997,-455607482931.53058,-366910013371.89404,1440684609351.3733,-1676620182333.7893,2000203259679.908,-3135441754760.457,6852945672016.7422,5157858711401.8613,-1061198336435.2797,699438144188.7229,151945999355.71793,513302050236.91534,1291293338936.6328,-809202247938.24634,-735431757045.92322,1532553153493.3909,3778962156161.5928,1811544073347.1069,-1411527005346.9934,-1265801610319.519,492626166208.03418,1174565902760.5198,-20221147058.505093,-699788890668.52161,-2038777242948.7156,-500138003138.53058,1389066221186.7644,1854229574630.4717,1590394096344.6113,-872348189136.59143,-4800796387886.9492,4201557530457.5923,6873856247024.9873,2145362049453.9917,2732146160031.0166,4614963583712.8438,6438188833212.0557
-316678782476.39795,904251657920.85449,-694170156114.82617,-557996022791.81909,-54902017224.078354,756790150875.90784,-682507828893.45044,53932826508.341743,173996670571.65347,-249531760594.61276,537241197551.63605,-129077174674.13199,-211175380366.66422,310991190638.51752,-264233465889.96671,541271197894.36621,-971073476977.07727,415513114762.05524,102186764233.26675,1083963567530.9249,-696792707292.45923,382753507722.42261,639616826494.47119,-458264440613.27112,339970267163.81165,-977791548319.49976,156382823115.48557,-414895216314.18695,-629596485517.67603,-2167510792891.8682,112614556345.40775,895152271520.48523,275140182595.81439,319014322075.23425,91226344710.820938,523671431815.95905,-513498587401.48291,-2147200439096.0164,-3968493601084.416,-2451559175152.2744,-657358923089.12488,1181908092191.1802,1358882838616.741,512937695528.99084,178108381087.26111,-665467695389.22754,594507755865.00977,-241973907593.36853,-720469517967.71301,-359894069845.36523,-508526112194.70764,-148829295124.03366,2985912609455.3979,4366589049662.7314,1252903574673.9998,-536955176209.97485,-2475324232990.7832,-3289708253766.1763,-471207534022.36676,540935791694.40259
968945754958.20532,168779774370.94153,26355441726.266392,-209824063394.98389,285853990997.89563,866136301491.41626,-1062442276352.8672,-99605557906.12854,277833039956.04376,57731469094.889503,-398526070013.29865,209366383269.28082,-354635927319.84644,270860066410.70822,882212158532.71069,-528779958950.36548,-1052551392186.7933,117112632548.67638,1925592755896.1504,-749923479037.38269,579384795175.23657,768591222264.00342,125247281922.59221,-614060843415.76013,-568263224178.11951,1301392385721.2,-802075314969.7511,673731243042.20337,492189128344.79102,-177766223750.57394,-110011659830.63554,50851143049.943466,674546532106.91492,162557070751.89908,-150000510596.36185,168569532029.44333,498567828957.10919,647625391073.88416,266540454248.59421,943781396708.13171,-314822165475.27954,90844619294.540985,-23888704803.336025,38156504875.161934,689814730360.34204,-1034067643738.0823,144154132515.07651,-29453779754.54126,174779865517.07858,322083490707.44312,141480075981.26126,509980105.99315149,1475789161007.6741,1444365565327.2939,-668922582882.11292,-1390551609349.1016,-3364619680155.7065,-4578546968802.2158,-3346249432025.3628,-3335212625951.4082
414965175470.0592,347224573203.58868,40502493926.350861,-1115446031703.9834,1099438733538.6675,-89838259441.021515,-635078241768.8634,-344180622330.48181,360457308888.10779,-265804654992.58081,147917554401.51514,-182278857116.31226,505021210388.30225,-490857226597.8562,1100388336209.5454,-1476538074622.4138,427922549495.69952,148812130461.47311,510902910016.70081,-679306879887.61487,9861785199.4310932,1238941069768.6548,-14169043615.20435,-395229053401.30585,-411708486092.50928,1069395457924.103,-557953562243.36157,-39483987788.582031,249698731764.92892,700498887879.97717,-256879349134.06625,95675644877.495636,-874493198372.51697,384783648640.78101,-313332411608.11493,650966602678.48438,-1745228634064.1677,434077643293.40356,-905049372486.62988,1101133467235.9983,425257492530.25763,201071531993.44678,354130311065.85724,-122293083327.99478,658722715066.80811,-551043793683.86877,-144279992189.08487,363181445035.71625,-80909824812.114075,606265003730.21948,462526810337.39508,48531314185.647835,-593140311935.52307,38038223914.812805,406575406208.35345,-141939200310.69461,-1786840261901.2151,-2545785476072.1011,-261503697472.52905,606214086475.71301
-749721001847.54761,380088411125.90503,-146113410994.37943,-53249801799.13517,214615580178.90729,-377641244647.56848,-78884938557.801041,-142057504962.77951,108455932445.95694,134916770558.65762,-182996277516.10327,520099546584.63806,-317008927504.04541,-155542443356.09119,216452497418.41611,-120033436168.62912,-26742264949.396542,139131711804.77802,123231262899.29956,649533959702.65881,-299577779265.48773,637144230796.5979,-265947957399.58008,-497844037507.70129,595587770706.70837,-11561760788.458237,448724486074.16559,200357446670.93579,-611516726003.39722,575624178670.13293,-661186733956.92651,1239441550286.9443,-40040602418.986305,635873171831.46436,-650419886874.09534,362915470272.79865,-787155638254.42664,393412587914.09192,-1591687139193.1467,-374575297878.13544,-616455280328.66699,-139628416161.69464,-189296541289.94745,-204007205365.3559,103928905634.80785,176257308804.35226,-431168216613.83002,-176617308751.39923,-81557052707.158264,135169545071.97516,-728334114061.66956,-746406681316.43347,-680399389617.19812,-559098484960.63245,-677196500283.94812,-720678485222.7981,-684994322862.44495,-866616420664.52234,578880443958.82666,891602706584.01807
237451731983.30054,-1083331584435.4546,531719317085.28479,288777925292.82904,-78306631755.829773,-161160681834.83347,-688803571179.87561,310429129276.85913,98749844909.329178,112346746032.55447,-63444488195.376556,-375090932122.33228,805884158654.42773,297912060054.3371,-1555683377965.2222,756481396338.42139,822305239748.92651,-622661376959.85901,-27243470508.90575,323902069365.8938,1177281365216.7241,-454054177089.51117,-419695590671.13245,138967775002.0159,553553206602.80457,-62640507047.447983,237789331368.17575,158635520443.13553,93238714348.486588,210672813915.28894,-434847758897.70386,532912188937.62848,482789188471.94232,396997761241.16162,445496402150.9679,-204740513248.09048,-146360065083.17883,-187853370241.45963,-1353864940761.7046,-955548047988.81152,-1328142053186.624,-148192100049.57211,-480699157382.88531,-11673962885.449799,-88453860797.516632,-27211969069.206245,-911344245862.03418,-470486634427.2818,-76970175808.974091,456806462830.7901,21295402184.482357,-295555192089.5459,-682662989619.97192,-298447485659.25275,-624459715457.31702,-1089742819552.2993,-956842349152.3136,-1333321059350.6902,-1071529700394.9358,-1003531316945.8279
287046664162.81,-602742400247.79419,783620281569.00293,-341016681048.48022,504803429153.034,-869895301289.99548,408990526174.20813,-50857839106.88089,149516569224.34933,156284834353.33636,121212114587.18481,-798004772515.92322,571613722695.5022,-241731063065.88382,-651183818867.53943,529703752137.86053,264751737198.73746,-1098642648563.494,1486758445692.7949,-297716737886.47369,429285718388.50562,732193316377.33093,-1528258210520.3733,116472489293.58469,462322418902.28778,-138937691184.28049,-268767931806.73856,414626269169.49487,-242920497264.80222,94487577143.488235,57761908363.502342,84266532426.243088,304527221977.41693,-256423403413.56158,517128045948.36346,373918558852.00403,732521681812.10205,332313745298.43011,-58099350010.86879,-814458001984.91528,-611458306765.42749,-637242405069.84753,-117784035915.19902,-4414124346.2565479,-63361739663.494492,235830698309.54468,442302224051.65601,609162075897.74683,133784558495.63286,-58218727934.594749,-69768336147.844696,-79279159437.329742,-586440539113.15771,-494002066989.63843,-90583231369.273102,219989989300.27283,572363160046.22546,524985287215.09399,-1049146957565.3657,432227369230.71741
395515152514.8504,-419938853967.15479,731629756155.98291,501395239731.70685,-672728140064.6543,-94543202772.786179,552389731658.90613,-214621724904.62564,-406942397715.96503,597004805374.78186,-399546432885.34747,127147430769.41663,756334139950.93872,-757945720556.76306,-480914666960.51141,1129651915728.439,-61955745840.633003,-1196567443618.5386,935581367508.27551,-255576574600.27335,493680042184.61084,-48698205374.204361,-425530736017.89429,371583220054.77258,-206507500760.92352,42736678139.811844,-838841067266.80139,-282081153724.32361,-101632467490.1989,127728817908.08173,-101174179149.03934,-498827293641.28394,11624512235.186508,-81560439635.025665,-351733292876.08771,-87474914823.865402,-9847302295.8322773,98058095612.210419,-79644809623.26947,-439815521463.62842,-80977395914.892059,647693036822.78015,568938334651.58301,88124586265.913055,-72054082497.622681,180709318549.84518,786930523161.70032,561546979310.37012,182981797877.54034,-205784808208.97791,184774156170.08759,356563096686.612,40608489281.364845,-771873160252.55481,-424979942179.09888,-439600458017.70178,605194711815.29053,-998184176187.703,-1213384530847.3801,-271796486558.0253
659758366048.63672,-750604459461.68604,360585043375.50476,1695528635165.4299,-1562359349484.4968,353008631297.65338,453693346920.75452,-80757291663.284714,-214745516208.93051,-239253797450.18466,-255766803543.00748,-225470955933.66287,1085559144732.5737,-89661770297.809387,-1220334527898.5273,1334354990127.094,-985172332193.82324,-159031870540.29105,972405563366.64526,200606132777.35733,130476229146.27791,-137747609716.92316,-159729828986.93265,-987991602613.61755,1106858055483.6899,-1007989944293.6791,-98787799366.965744,-352524597243.0014,-412494781739.27985,118550056119.6481,-536730417742.78839,-401738975200.68829,594503884284.31458,778830194116.85254,125338710588.0929,-317705682307.75385,-395818671827.51544,331997518197.93628,348477828553.77112,-109270620046.07184,328220731115.03711,-125708758993.91248,510017659578.72321,336264090295.50458,-283227712166.50165,57766654176.210251,609221494498.08484,-256995765171.15781,-77751646659.846283,73682880471.216812,-213319875620.65097,-242807169034.4075,261779338398.63681,-516925957450.08301,-859332198675.27246,-909207388436.4408,-1776088284617.8572,-1978288301544.0339,-1608296614052.7856,543338718211.55676
-187255515243.375,-586175438585.45361,553023239688.91724,267480803715.97714,-1092734666390.7666,885820368244.47437,-875507416879.39111,535053209223.42462,904911561336.45789,-945279276900.70056,175482381398.32617,-159307819654.10645,676579971715.63403,-824653899185.901,366666960506.69659,-278923464475.50067,-88375537315.19931,635581306506.73022,-1008809332731.4762,1520155845722.8381,-965715101657.51562,210597148723.63452,-36136601852.874268,-286090237271.42908,-224246894625.71158,933890507921.23853,-659593211770.19226,-814648744947.26477,337319040048.39465,-565141426750.7699,365159903859.70978,-1344390836304.1294,-115803524106.76686,96097413066.422943,175719396981.95441,96360844900.618622,-673772928321.90894,-128161186086.78011,260410322007.1864,259594776900.32944,63497283324.321739,-490376085224.18616,-347667124033.52216,565716636734.26294,-73835451784.722122,-513601914541.87952,89549543042.867706,11715134597.644835,-403931988564.60535,-81691037325.309875,328493918520.92047,-179094464604.22995,235750132935.96323,-134720536915.5074,-176511605645.72644,-77881701861.843124,176675175200.7413,534292629297.64661,-95267797597.777985,1016309596725.4055
-1110222892790.4426,538863779314.19135,203568296197.51163,-94784531477.095367,-938489950749.94763,380322027368.46558,-163217411079.61765,-200900341821.59146,545994491793.37543,42286805089.969032,-467841016538.46759,608309448949.95459,393227501773.34094,-969878513889.6488,-131396957164.77257,21029780271.368706,44436095444.240471,-610637216801.30322,456392076473.80994,215648461424.09756,829081644218.1311,-988337958469.86816,-724298520234.28516,468493845139.22168,-648376501990.8562,948313393452.70166,-47974571739.132614,-54917275772.784355,-463661624427.95441,-48746533140.873421,-10372329047.048471,46879799888.994659,-124408479284.66345,472365232365.15955,153674693230.93738,3453460240.9620538,-407625874725.73779,150760812180.96603,679407604197.23657,368214865723.51886,350998575943.73779,562179889009.76465,55807934844.749702,515271511232.89886,19905900314.968075,-13961821974.644665,462678903258.31165,-167503698642.42136,-506780306173.31,-234523355499.86929,463283266947.30969,13894044788.031134,-330134684083.84888,373490091300.40808,295033933614.65247,29616162631.005314,499445425501.3584,627944538426.62427,308929699540.87732,-173534759075.06686
-391868252088.7251,-378885974809.80688,860831882245.83533,-213523634086.67575,-342862774617.2254,722038196527.69165,-626775634127.24133,263844885766.29721,-182602718118.47156,368555002941.79987,-350294468703.711,-269052485899.4899,594278663326.09717,162065377093.99249,-630815198785.37341,325273008038.46552,-359336493238.82031,621753836797.10449,-597375211710.86292,397450695215.05316,269791368078.42239,-3629387724.7247696,-99459377732.898987,-617908361836.41284,269432450579.80325,345627222364.61011,-632236971203.63074,1151883702119.7234,-810108034866.19617,581010216322.56555,-288490428882.15466,177337744244.02365,-408179242408.55273,629232036096.50696,275002331400.71375,314212195823.50397,167109426291.00165,-45871685633.345978,850231357806.63562,-2922212356.6835208,-30071570402.027546,-148055286138.65509,-270693862806.67755,589535360267.05798,217922325975.9115,34878956767.021118,389155843808.29767,303892098071.06348,-228488198304.57468,-240295608146.13678,-10117565804.972128,449747264683.35767,568174020497.07275,436844955202.80255,95271397369.687881,-653909166149.57654,-416008675744.00671,467832127617.47174,1860500244012.5845,1561371973883.5103
960938770540.83887,-375635882330.05969,150814639511.1503,-274788058240.06149,22793335944.003483,746797203102.32239,-705827535478.33936,650784058037.245,-694787741951.31641,491913506761.7876,-486024979152.39056,409615683198.5874,15207958874.709143,-170450913420.27621,10471073703.843317,-521956994178.03265,541076891142.47815,-90923950259.771942,-244998848919.49396,518784647709.96912,38215484940.430794,-266983551970.3898,-133152013.69050807,-367969463916.7489,-259130700010.06763,521139375500.93213,-1076097271386.5358,745608043572.64221,-1474464887213.2163,535248923552.39417,111130850133.16742,437276098265.02588,85875780713.191116,464154907230.71942,-217021564027.40024,694608819004.63538,396104637696.51764,-487904044338.38123,784138156642.42004,353084070902.28357,480817149917.72766,3233363901.8771362,91240860789.529984,374714051510.38483,406096277947.01343,454880594970.74988,1082071536006.5815,1066333370442.9272,-125603168618.31728,-511007518451.09546,-12818040296.08827,549634176401.66644,644730862542.48523,224679242035.879,-72536224527.706009,-17148831614.661283,-38172014521.102448,515324758272.63477,1453950652630.03,1522106927313.0952
369184225949.94202,-58778674511.208092,-456277736873.01868,-454152659948.99042,48238153665.513206,1039230858857.2318,-1137515279799.7693,335179940298.01282,424648170765.92981,101094546343.59422,-389803366434.90076,237660304575.29535,352845889919.84583,186745469502.4913,-825849459274.79431,-445542807152.24316,1218592176578.7764,-1047990330411.2073,-1105117656029.1062,454327412577.23462,795776316919.93115,-1907096369607.9639,311305690411.513,706346537404.88672,-1431143597290.2556,-16800164508.928736,617835536067.62854,-2477273072934.2896,-517537950191.70795,-558686428223.63049,489807889806.02234,140078264379.07681,347165093990.08344,461524746916.11542,-160444916049.95212,1024271995226.778,54168077180.155235,511339519968.85492,61950136924.353912,349826399335.74719,122939377993.91422,388218487204.57812,52424851766.747749,-122355448706.70337,245851293434.08798,-162746358522.4144,97849834742.562469,-191383604331.26474,-216194184312.6322,-459265178130.7005,105544085666.74706,537571889720.87958,71279397897.095078,-10103085590.036997,-113942216131.30484,73233699317.527634,-482564615940.61176,-406184862356.61798,1236565275362.9009,362135505608.57574
-795183905206.68994,464237221009.12109,655260387478.50952,-968615580732.00146,419427844599.2619,64525303591.894119,-361925487853.44934,-138586469555.42358,461369486093.67529,131405427909.29306,-435168938894.65027,-342045989781.59937,900179163560.84778,110957240724.53847,-664857288501.69861,-506748299423.93457,980590660430.59033,-548712747789.96277,108194682432.36018,-559368755943.04968,350565250278.60498,-256066016152.94638,-948039689818.11768,1115961750966.4194,-1409759170358.0903,624642635350.48389,-16695524301.908022,-3475737529069.6831,-1681474520055.6162,-14392657070.504728,-245764730518.22842,765879944484.36206,380973008387.44952,287526129890.59003,571239685517.26538,-460386234623.06787,437606236474.73761,40831745210.483513,289785413500.44055,-173246967593.25739,-60806707426.161316,234412070957.04614,251597294710.78049,-62126749547.581413,335383142390.03406,94252427767.951965,62172330525.121567,-84758598675.492157,-273884527067.6911,-223500685004.16687,66407605596.676643,301383673149.20288,-12745009251.403879,278872085854.78412,416830950912.26331,-266040093564.32953,-515997711044.43018,-268243974618.57327,-1235168896140.8796,-728586907521.66553
-932179616209.0498,1111261063570.6182,-1280683312670.3547,681273420614.07593,810295416735.57642,-484834776119.43079,81830355378.276382,-64295978122.11528,244920018586.41934,-107433184528.16237,-98862034078.632034,-620919553302.06274,921579830945.146,440685460707.4538,-946454753353.84631,-136466350394.64604,257195933250.89767,10619493292.353235,-191638289951.73972,256571139329.30048,-232383103810.55591,363447325938.75751,-635770153795.90918,-2057400261657.9387,882678271768.93054,777108048838.75269,201341985779.27621,2405304177775.459,590743546827.57849,-1106995508695.6321,322541096388.85388,209745629825.47232,11594365329.364977,-145750954172.29938,158150290050.75427,78730537170.306412,-231369015765.48404,57858355497.285362,485239384793.65271,279323411604.70691,-423280884806.48669,-719197265735.2478,-183726353694.84,-398516813648.5578,49270941290.692558,310472406273.50378,479306999636.51678,187889223253.28766,-20074009717.747204,-42018133928.055435,143737092937.50024,146700538363.53394,166149656337.0408,103338544048.70821,125898633235.48563,219056499258.68741,-288555729391.19171,-945452541734.38342,-682019685680.74658,-804518901875.87927
-276778052592.10803,850079784876.81287,-678770172472.64587,385189593388.49939,-135052657020.9557,258353650256.34415,-60279571719.169624,-224129344726.39032,262607142119.19852,145418013414.11896,-306479175568.58771,-746332152503.28247,430179619264.89392,694984052638.48499,-582316474088.39819,260602668601.67365,-957101045584.19543,357236559394.87598,-78375667006.031204,162781052311.24173,-98440169948.713715,847584681710.06494,-326490350646.88641,-1489107769836.3933,-322078229616.34607,697761354261.80737,-92796378281.796677,9134990233.48452,1124715120471.5376,30962653980.055698,-284304719308.76349,-15746186998.716568,299762289665.7016,273528830002.47449,33073752334.0779,-77392092678.481094,151025078873.49963,-74595223037.877396,-85201761443.933014,291250786960.87756,49221937824.194344,246856272317.5744,370591333751.54376,149320998316.38943,-273869272938.21625,-155480879736.03168,461891761617.99268,446814588781.67841,-149140613556.73013,-355521184738.13318,-374545512018.58136,-321901599446.39069,-193360463202.14316,-67330530748.941399,-184031046105.4769,-273207651394.3569,1000370682112.6699,2306053120182.7197,511325302724.96716,-1428828633205.1487
749301646680.08875,-126792593168.69702,-254860913097.21967,150606050369.93365,-58132644577.279793,269887072945.40439,-194115059788.96951,-376965250359.26233,245322838469.25064,-31785049663.211044,181608722129.19589,562978019991.54321,-920127040503.93237,-59556595560.536644,286836649734.85199,-153957060586.98053,770218068169.3645,-1220457104392.3411,866026845646.68945,-338476781603.41022,-75742820070.554932,801747305632.91077,-156864785848.61157,-439963248815.83704,-747547981877.42688,-150955102970.37759,382429120113.65833,-69443168558.285675,-179705794633.04575,-61735681484.700027,-187226115505.04639,-253090218272.51212,-162854393145.2009,152350811015.32767,-118953689504.20757,-274909989071.43573,502187101822.44214,779726126054.55737,551357657822.61035,322328207516.46088,-360211740551.78668,-390693869233.13129,-35268641453.982697,80610042290.814789,-146140503519.69812,-304783148018.82507,-110247237809.99216,-243436051907.89551,-23719864785.789448,297182848739.47766,9562549865.9849472,-29741714240.589825,117759265042.13283,-148989585651.68195,10279950289.085396,-64954431602.741524,-589221646692.10303,-27487316697.761429,434883453132.16205,-222386009492.57651
-655249311531.78857,303931360471.10388,396305053537.63214,217628641577.78088,-76563888819.27475,588397705973.16138,-728612063530.7915,-302436553053.29272,369546146859.17822,-309796523974.47241,201477639879.53391,147748653220.24628,175953161296.8414,-474656903275.19543,366879694652.21057,-63496147950.081078,-608026909027.65967,534754160730.6828,84325926995.413147,-87492350463.784317,-393903933448.88257,649308751955.94836,190398593933.41922,-717301030004.27747,-527707885574.57135,517706594304.72552,317912810233.16699,-354042238489.47791,75534973395.229172,158799249828.19876,-2470400126.9200015,156037166536.77237,46492755496.542946,-98561081423.025986,-106828653912.99011,65751734858.363556,-147074623265.18951,252078854432.83182,-129743287215.11105,-101094661532.43544,-808896674792.93213,-529547845128.74487,-768854903435.245,-459982072868.50696,-493437873566.12476,-51866293426.775284,154833217646.50726,229041054030.91299,306841002405.17889,33763183036.627846,116300836213.06308,459712328686.11481,609187275857.42786,-375576190271.75275,-510664492694.3703,230238877229.01334,868421371980.48206,88387738134.854355,-1366652765654.5886,-1728698765742.3464
-411450150422.10803,297019347530.30682,-103224299186.27637,-224484621942.40128,-251663199858.87384,1019735225982.1893,-433394678970.28467,-317057388351.30804,136616756842.65007,-201464054615.48959,278047379454.43707,752975061889.97083,-523199041937.41187,-1280026125110.9529,409208476945.33868,680146448512.40381,-281577136781.44855,148352919050.38535,-19820296062.71661,110139552747.48854,-219512217820.99142,854707716878.55005,-687055376378.13525,-909687608194.57336,174159814786.61115,514486617821.23822,-246094496992.20038,2843977820.1271453,83599307343.65918,-79244871507.45192,320288333231.59064,-400779851711.95026,-397143446296.43988,-91610451129.438446,-455827178671.49139,27101966005.480167,-177161056971.00113,-4084634255.5019011,119835352409.63441,-48166900393.060478,-163753645849.7374,-95306423242.280594,-142525839938.18738,-101722691252.11885,48269887090.537971,-367234218575.72046,131013644038.72948,145399937541.39969,11845164339.195131,-380424175196.01257,-231349518534.67798,-318229898377.20996,74722861246.180603,-225758233397.72272,-403674178535.01727,-152981814613.56885,-421027375183.63794,385777083532.8913,1264263529062.5356,1231931587579.5916
133394662891.29234,324586278297.12231,399083079981.17133,-599122690846.30554,-537008313751.01373,1636366695505.4331,-727845116205.57422,-179536980810.85654,348648817334.70282,-538911878719.89478,422702572610.25476,904376127403.67737,-872610326380.3656,-602918012114.58447,1098347452074.9741,-325330227549.13995,19446097595.435406,444984511228.66974,53194153657.732697,-829955269788.7533,589581557569.69592,862283176723.17212,318880758210.01733,-243458331849.52316,-594008323328.14319,511318793200.53503,307411526576.28723,-358708233677.54547,11466053316.660303,237573931584.71561,238860906697.10968,-79163054737.215698,-127898388251.53923,-439369532009.50824,-375507858420.10529,62012064469.086945,541693280335.38086,-134978365883.73518,-420289263328.75568,-323457273101.28027,-274861822186.11981,179236112704.46887,38480654259.756569,-18752636687.093033,123835450953.72197,383828286783.46051,123105432110.98079,183781694730.62741,700081049303.06738,-24735179647.55965,-810300799109.75989,-936992848544.45264,-549860020947.2323,-234133402796.53561,-1486962231.8523583,140090122790.50391,-356467947737.75903,-1137033099386.9023,-1037047739376.8507,-107981533146.61778
-580327509762.59009,113410322163.02727,357056299931.97351,-106198894419.79701,-302932492699.53052,748902933230.17688,-398856092566.88715,271592339973.10266,-306411602884.41644,18296656762.614635,229693651409.90735,-121438679181.8662,-231360513617.09216,201297236021.82239,-354844683253.32703,-28585746046.08485,274008918883.01764,281647893315.07281,-122060448401.06116,-206784445012.48309,-243830264402.33783,496101856880.98322,-15957410470.971651,77668116079.586151,48016764574.042809,-197780711740.99942,131733069179.97466,69624169377.039368,-544615068721.53284,178539954680.82776,103272033898.23027,-308402241669.16241,97629260124.202606,-381095919462.32843,-726811340779.88013,-146082490155.19296,30718592001.51902,520588502715.97992,288506764822.68793,50099365344.535942,-30958192166.511589,46887908875.868362,579859759566.07935,314811381003.92639,-269815620930.25012,-462027265671.40234,-340179839839.98199,232554533754.62683,174028825481.73688,-210253763944.52573,-566455692126.8656,-506301656274.36371,-249327929528.86115,-91462022059.922943,-65255185023.874634,-462945989959.74445,-684394654190.93286,-331455834323.12958,45894033.727026395,309038363804.17651
-519645837655.60968,626668528340.54175,-728984487563.78467,807042971793.71301,-562575499630.47363,509211570087.61304,-431596393104.19031,128137230948.713,33832353998.8526,-234480326868.83487,665058579867.34119,-501312038213.88715,499929702993.64081,-554529699651.2572,-417399312405.22131,-73309135007.349243,-236748158783.70743,1134002623148.7346,-446447932597.33093,-936198556660.16003,353622981036.78064,754880224281.12158,-659164085698.30396,-509540738022.21136,414898071536.75507,413460206801.39648,-77852479817.725281,37443259992.104507,231284138290.35229,-420589184001.65405,-280449087693.94183,-255311453118.78345,-277050629911.39069,-142324800343.7991,-99093051365.484756,114032297973.33128,-76783463895.643723,-34440338050.404518,256684775914.1196,-28136615430.645771,197374660013.2749,-223872451779.95715,679710842989.94006,565270600192.99963,544495460699.67657,-37119486194.196114,139809916629.70407,527805629276.65643,337150689087.99078,-136726087303.96408,-832286399685.43298,-728052064215.26782,-155447407297.6369,297268808739.79108,264836924896.62149,-263653650077.448,-677511813520.8291,-543058885194.13544,-59169018693.224976,618559993726.09827
668460527357.13892,-484071693595.91046,788615984632.36536,-277667218295.71167,65661223823.091072,376915574500.71637,-287015162437.87091,-232852454992.7666,477056922901.5047,-130863847346.30777,-482001949056.32184,76534454749.920563,179585506595.46603,439307240074.7005,-73035919710.959976,-673769045956.02795,45910394532.703957,529687257537.20874,258216991497.03201,-323389791623.22473,695269542796.46863,209843380563.83142,-358224612756.25122,24099595260.118053,-351306592204.70819,385721664116.67224,-53297722614.232086,496110626461.03772,140880927981.66873,-310430850654.55847,28164315577.275734,-42757049599.636642,-12401854303.540154,-55094946130.319031,52767715891.082726,164872270679.38135,224328348779.07413,467148560003.72412,491117978508.10065,143286272252.4451,290718941893.31287,-46988480810.289078,504400684079.22522,522756640323.19574,482391978231.70728,-6627807366.1496258,19192736563.159081,-138328212425.77585,1150601355.4946816,318027190152.51483,-14670805880.260283,-386272522898.85852,-183897882296.49582,226154816442.54443,194284327865.41074,-77862629517.559265,66113306643.389542,137608697154.00171,975195941032.52625,1491036787285.5833
296018969289.80719,-215106784156.59497,-357555231801.36584,444835333415.19281,-67555358717.136612,192047214747.19128,-8038967114.7323856,-371024219538.14215,553942472505.95239,41726250185.970055,-428897420278.41339,-381846898860.12158,173282904858.12601,922210646923.79163,-173800679927.17371,-848688150295.02808,99022602975.703033,293344245721.34631,-520096563212.65295,312040589065.62134,883246090235.3761,-271378395528.315,-620647706065.375,558531582397.56287,348387792731.85272,-1173553899978.7576,-176912334047.34976,570045855706.18164,-246641255515.64093,-133318629313.19949,-330389263170.5072,-317671368851.89294,144974951853.41077,282364090787.69519,331770046267.88489,139622748178.07074,14883483808.109509,205804680100.91565,419212713414.90808,95429126039.056046,-79197150507.016632,306324581432.1427,-79153843383.336243,472947588579.65625,-262848846130.05118,-510723533422.19751,-821352120024.53906,227968967923.9288,446780348130.31415,642046992974.59875,602755995558.55872,225240491201.56253,51068465762.965424,-68179176706.943253,-405745386237.99457,-124917286430.03877,629281805712.5752,1000395107230.0901,454232705851.10797,-313130165143.03033
-670894413107.45398,611188520594.92676,-228835796099.5152,-1040081801970.3823,631256374029.29358,-131829881486.86255,61839988576.844337,330768625086.29004,-235831080605.00623,392284086776.91052,-264184747844.70569,-328687420115.36023,-19690146006.967674,830540350012.70813,-467952423662.53802,41552082016.656876,68906864050.462341,-28314035816.934658,-243389166188.85052,96860798722.164551,1148772528346.584,-354614159012.89172,-439941739519.41791,226824062106.38376,-463526215841.51416,-1136774627848.8789,-714110083983.40906,-475862915231.79919,255043244131.96133,-390915896907.565,-592254980425.36023,-246310704247.6633,279795729395.43195,-50659901082.70034,518028390730.85022,293489866802.69476,110238958357.6443,462850800729.36877,461437122269.63324,217490008196.04349,112764540787.62976,-46116762949.111252,332249025078.008,530120587039.72186,408191037051.66522,93330728521.623856,113545816076.30054,41976425776.445778,421670562377.70667,664999682855.30017,587130720847.72839,425626183033.20447,478935166943.82355,359000422898.66974,169737866142.26852,1022524893290.1855,1518964007812.2844,290764143435.03979,-679729479365.58447,-685126650011.28735
305446361272.26715,-351878073738.40149,799461767732.58582,-772082243113.58472,540077418914.09644,30012054287.733181,-313422306765.58588,148441100401.87003,143394159575.39017,168585303126.1124,-719728631329.30359,-244823361470.04501,613439076936.27295,-518350264595.90344,568717097504.34277,-440666719517.21228,55525225778.238052,100811736728.12503,63410770908.092987,282177925046.54926,36583210411.278435,636320521989.51709,-156559959743.27777,-213164444537.56754,1104741413434.989,-932414555056.70996,-2657932639264.2207,-191385855837.95609,642494711905.00037,53944061490.168518,-38049587142.875732,20728261460.775536,-100744577189.11073,681264979509.01917,323927939828.07782,82436593472.00589,559654904955.75427,62707449250.081306,254796016903.3295,-36259278715.567352,152858198434.46133,110420592833.56863,310157220999.21222,417117737388.02234,45232819517.828102,27470805547.777214,3648660453.3225265,72834709870.516663,245237822914.39642,573221903046.82007,687124202683.42871,523688175227.28564,291138733404.19818,168894354523.86557,225473353574.97327,501519459595.46979,94259090771.619751,-834153909326.28137,-1184401595156.9871,-432633990720.7829
806784982988.64954,-831917570352.40613,735056105456.10986,-457249524132.63904,-181066348026.20648,48906022371.187874,-414351143687.95264,737132426606.84412,-18723992001.749344,-228248995401.49124,156547242266.24109,-430232130296.12195,33430567608.262054,-442951362348.27014,856363836009.57324,149630576263.98239,-1044745708396.0688,342736764392.37476,-138140577502.90869,-71114689461.258377,552358387473.45593,150864485419.52054,209840081795.48294,145717419835.60965,801562618673.67505,2089233549283.3457,1346485332855.9744,-251422293096.80853,32970815618.27948,826308869030.86243,628494051267.95276,191666355816.84506,-45430629227.030663,-155882808865.50433,-104341504289.19443,49504188323.411583,270446940800.11115,521031053289.12683,148869469443.89993,388158570730.68311,438647046972.37805,426558641106.85156,495098502982.67572,252232107252.0065,-128897705700.34857,-150834269558.30984,27550778057.251564,41769539287.203667,511403779163.54877,367657888968.69122,263015359404.18726,316332717530.35516,424858871780.28711,207851767366.6041,375732927162.55103,1080389596559.673,-44201393919.905609,-594664846621.45154,953855004988.44702,1606777826825.1191
428852017164.96143,-15219421373.474468,-364224545904.026,212542130536.34842,-81077623701.467987,366192700763.00256,-315404483530.95337,543152781251.95477,19560013413.463474,-433162524868.18866,585350539329.06055,-401798961749.56274,-627686859036.91675,-47496004909.542419,1077278384993.5903,38644513927.955635,-616275443789.9353,-237645163960.11853,479460375840.55615,-280854547452.08069,-174696124101.31497,586174850914.74182,18599719082.014641,-299557267788.1991,93635541847.153992,313873852369.98401,1038209871105.0569,544335442288.67889,-441191429462.37134,-231966229424.44742,464766916806.1629,203138072052.23111,202368783334.14328,295035019131.53583,250294324039.00375,286930586626.12585,107401917722.39885,22301922802.658245,-136510112230.43498,230921534709.6431,214056517755.7149,276743124479.54132,27299587269.410015,-291804390905.6214,-180136299772.40021,21613834132.547886,309306468806.13379,10222318785.250635,34733061168.268349,382565565885.60132,619356431340.03772,445054967709.30353,244698239423.15167,117717683153.78943,182182752092.57996,349083469080.4458,141341694824.15445,272467087153.63541,312912111619.11017,160715975686.52051
424273546834.7193,27322406259.41087,-486595858987.73932,-116887532183.88968,595582380027.1228,-115797694952.52135,-309049495301.46722,832294845891.96985,-637595386509.55884,207399504443.09454,214129051942.62149,-170442609163.06085,-530346707090.97284,284097594607.61365,353449584518.7149,314998788356.13861,-517757054933.83942,-6769384204.6543055,373437526356.48895,-499328704946.09137,-371983185187.90344,39391166253.393303,-15557357570.598001,-151660823591.11099,183382739887.21918,31508446551.249092,385690439628.66711,549871415284.21069,100048446954.41655,-199754632102.44489,-224461789132.54968,92857427000.35318,217916966610.62112,-9322094671.6004848,244731596304.85934,182504463348.39944,113328399634.12216,158140545985.177,65277813884.62394,176495663669.69241,469891590894.91724,470140297904.48517,422754656446.10614,242225262920.79776,354697621907.44135,543647646233.15472,228739376724.51794,392823381498.42188,418660234747.14984,455760785579.1687,512229457972.22516,508170827112.95599,247538669454.14383,37299797054.434021,247436247684.57001,95902298289.759125,-506904337259.12384,-357072934368.2619,203427180689.67532,108860152359.29761
403758578159.01654,89147578695.706665,-643409716519.59583,272054926566.29367,97740678610.126694,142681259137.77927,-206563734053.76828,374726628457.73895,-493774209412.47144,-146558563683.94571,1168170538673.5396,-1190472008121.4373,-161508287286.89957,652330607518.17004,121863150256.90497,-748730973674.57764,187035763245.75116,241776079296.07642,98043525184.229034,522734348591.45892,-290167135145.32104,-324152480153.21692,-223230795199.23413,-297471652822.3288,-69822565667.222031,266549502899.86899,537702461443.87061,474412831696.69318,246272173042.26987,117221211010.59311,-332839807103.85382,-1768449294.754025,147020024824.35245,255570959613.21204,393313158023.08307,193448098366.6084,58858357172.408058,270605805947.30258,-218274606690.29117,-45168163545.129715,-262349513069.60303,219649272994.2189,404163957830.75159,343334750514.66638,95992394758.158417,473604378194.6485,691501684915.56482,564366824848.50964,236420675497.92398,337196047143.8363,457994180097.7196,230646010290.07275,374198294633.50543,30281953236.923641,173081140734.31094,339974797090.0697,972577971919.38953,1013719612285.4847,529057313665.60272,280995384408.51996
108595279003.39417,-285627842386.12213,-7812121334.6205053,-81567819164.805756,-8995830008.1214161,338674955121.2301,61645184977.872887,-346808478387.38031,-139121782222.96747,300214004915.55695,458345384088.76575,-534630469565.08502,-436479234643.60474,582037223982.94116,-353397544237.8125,28728176559.472538,186355733566.90634,353029060325.7912,321595238007.47394,9194862917.7679462,349088925745.56036,132389362223.38474,-177051955593.32697,-73136110741.977081,-479644115539.17297,-310293287496.05731,493532815036.37482,463190311062.7417,169636243106.72855,-116108118439.60904,-194559142683.92017,-287367977638.04517,-389540454085.67822,46361579060.021729,538199795299.31506,451046375467.17926,272253932564.54465,30889531672.124443,5521038249.4421597,43080502060.740929,93346599001.025818,101268971109.94461,373307252389.55292,635829208308.01843,346385220572.37793,104207706123.33409,-20753052926.350414,468690332034.56073,38514044481.000381,-62573037271.288094,-140609794864.43127,-34520152561.391212,43437463009.591614,170732084917.41653,616329899243.70288,998545635735.56189,564842793700.27649,61691201588.066566,108910000197.35312,261540388391.2796
170693343549.22507,-10971558767.55316,-276423848982.38898,39490774445.595657,-437767728375.28326,809480675883.09436,-216179539776.07632,-179920402388.89224,57761385297.611282,-201170265319.33884,473028359609.87115,-312377987732.05627,-390571285161.69263,313707576079.95563,-232024160212.46286,51111343262.915565,466016660882.72479,-472695365170.89325,178955332709.61923,831519963123.61316,-303036223679.44849,9172929347.3882484,551244957377.25525,171474167686.68976,-264851594773.50854,-209395312274.40131,-79669608167.735016,579626272715.38757,710709670040.22461,172322828855.8215,98880335636.62352,-104656178565.78302,2402923960.9424081,76846863757.579071,167598813537.5874,372009061129.12158,483203799191.97595,329124122735.15411,-115834827410.58493,-473620832920.85413,-404452284392.24835,150909481412.6015,699278823771.82178,605658386522.0116,521747230567.84351,183993275732.8562,124352725851.3149,274113920772.27081,467373819970.6676,67115631870.387009,112098149685.12424,-46940661673.713921,271810947088.32761,81306398358.359222,407124047134.49316,453297887427.37817,332880589736.08734,-6450884334.0957851,-281875693510.58636,-128920664504.72714
-233087522864.80899,-24280207317.746178,634494848147.13806,-259452728374.1618,-202081487567.55579,79728802723.283646,81525101613.990524,-300161346202.72876,473101219961.91095,-140605811283.78973,-355196395370.71875,53284234445.648811,-61130446616.187172,-215326680149.46832,358486369281.73932,-558500493984.08691,321100532837.6073,453131124133.71893,-304370558257.10437,117094771309.86847,387658829276.72809,-54824699670.798233,88231856738.765137,124140843849.76451,-109468601648.23701,-202492687408.98322,-23951653391.026215,-111078526551.08072,317112354854.81647,428128689189.03619,-280274873871.34186,-341803842390.65173,255979664558.84045,265027910249.19046,279938525714.23926,311062476725.59125,261662811725.31989,142878083526.77332,106363712535.64049,-24358901472.439987,-209078927122.15039,-60594880870.085747,186805239847.02084,231898812085.66858,173456875111.1673,273891830115.90375,320950251746.41205,275312745358.48834,-82426827723.324295,-155130828444.36636,-60316101071.128052,144061256909.49164,277325270753.66309,388197556309.10681,751883572836.93359,502339234600.15179,-79281216969.420212,-511275395258.06378,-641677838442.66248,-472879887979.66724
187119150427.43372,153564753780.67038,-117069511865.83981,157139624884.73486,-37384162757.3302,-144273329552.70999,-30962640273.086792,144670609817.87607,49794640673.110565,-233515316840.93625,36121382297.704491,260223554408.81195,-378524211299.74786,191350027944.69003,-84052509792.172226,-34227930746.461769,-303703369679.63519,446477891793.33765,471668373088.4928,-314778204390.86566,745768683249.67676,229541339545.9444,-357587099010.56482,807091119398.15405,1034579019752.7313,9666406477.9518909,82636127870.070969,508776698169.21106,215968072106.31351,77779783719.342545,-222661466210.89383,-319586936730.07971,-394449651955.09924,433410297491.21991,801708133394.07227,708184895940.81042,548224555924.38489,45733105796.677284,150646897724.53717,190942765217.49652,29852950168.365097,-295667555005.68268,-36246961495.468712,147190698090.375,427217236162.26483,385318599148.22003,176585321384.63544,43333741768.06218,-211193692793.86191,-279882965154.93921,-280708386681.54041,55737777650.166206,351127771535.01837,569958710223.86523,603261343570.32983,348599460915.4718,207506347006.83954,-136649450555.3783,-207148810802.39316,-76355655650.922729
-408345106184.72833,292025419206.46075,-256407130912.31366,-39013255712.441505,622040272151.26868,-664732447785.33362,323021467743.44135,-270298194513.37424,-410618749033.77747,483034352747.03204,-214554047502.29468,636208417260.86316,-17558974656.404171,-859205005370.21411,315012559499.9325,3628935040.9176445,-558595299202.04797,406172836498.86896,531002006460.64954,-95419121455.386871,-288907513982.30365,850998322465.69067,158455518798.70184,-1782241542894.365,-244576095592.98065,607812381905.89685,-867790257572.81055,-437901907196.35614,710211755078.51001,-13749527911.650784,-637182997536.14038,-459462941299.45685,182425698280.28812,174000441698.40723,502593276759.55072,212242571146.33176,15966665030.374956,24131731000.237053,-362104900010.99115,-395990834941.2326,-161914554163.1207,-162337489775.56171,68488284586.840103,151740862494.62906,205357798491.47931,-89078522431.412308,-36559467919.534271,59220551009.788025,333486757132.83618,355697077295.69183,186925683998.72751,50748836043.29953,-10638535653.4275,233646114578.31348,249602027619.66861,-10362548873.175602,-104987548382.39601,-213811992646.34781,-626829458865.56384,-688001097938.98499
190184712459.42926,135504282829.71469,-98744733933.254181,-34828589105.210297,-357470700779.41168,38581617142.737671,302870157944.67261,-224118691996.54599,-512147698665.97339,478676617988.08441,-112408062972.98337,-173228131551.39008,776119797018.55518,-144728449178.20764,-284539921719.7868,-260290062383.44376,-501424567444.48651,82448875798.022537,333015616377.51129,300653640630.40167,146246383737.56531,-141139762134.14856,-132227870467.45143,-67685855267.03154,-899602351298.09143,-922547913155.20776,163251461462.01312,163455294845.48004,-354383631599.7439,458548394457.62592,485157290290.0368,-579046982071.87476,-730569131564.75769,177999807687.39056,582641797337.21484,544120545654.47961,243491164098.2338,-146969669017.88162,-56507399021.13974,89858878681.620331,149248379859.79205,-28804423762.161434,55702050736.493942,103864418242.92531,6383509402.3315668,154801251758.62994,420894810265.9491,416835382729.98853,232094691719.59631,230266285409.17917,-77427501991.913193,-126590478727.85782,98369477616.296036,474149048120.89795,507704355637.6889,360190957434.91034,243762645046.62225,72676593218.872772,23771080914.100586,84420674711.163528
120594891000.83363,383273275848.13989,-334730988245.76404,9194191437.814621,-33674263473.010761,106341415054.59778,253676227329.00259,-195344220067.25555,70968789577.46553,-79940954386.584259,-635831216298.05078,34644893541.022789,811847224833.64746,281052303350.5329,-31164906164.885345,-44377783399.788605,-566502582059.29285,146854083316.48987,622291039725.35583,-246958453633.57758,-151966326808.22934,658639547614.16663,154737610118.27399,-513707781326.17511,-271582006418.08231,119081431828.16467,44139132798.475739,-155193406895.83505,-120331523858.02753,-56140290812.557632,-100190162811.3075,104320975854.56036,48480756721.451691,-38617669073.82428,-288104159862.57245,-125819320871.78246,-112497610597.32358,-81480647024.767776,-125750163477.89272,23667645746.862915,-49387476421.467056,-134401355505.63786,-268960149002.58035,-223434819278.99786,4202186395.4462132,201180730927.06796,241928625097.49976,62507266172.688995,189848208675.23294,79348058444.976685,-152546946138.42175,-28648960677.503201,240733527748.40396,351006503716.11487,173668433259.84579,74279596363.842163,291708726709.22632,476823036395.9967,288543849023.66595,-1119394310.9942365
62096883603.502335,207854672175.30051,463278434163.98657,-690805160832.32996,-122609333357.631,312822522635.0946,146803489532.28857,-350427598409.67651,16019710480.973421,229879719584.6189,-209970427633.74411,-199479165247.85153,294223779906.22668,6561159614.7212343,-318989199601.42212,209308517281.14777,393230567869.54724,-268977379331.29218,33911544692.257408,426727011820.89288,8960356814.5477619,-81436286164.412933,-7376986450.7020674,-364773927492.38171,26257308300.422302,313770521120.3728,83534963646.245453,-59027819379.790833,78214746085.526947,82506579889.128876,72932142648.577209,148564445645.58026,429738129281.97321,269522668738.65433,202253768459.80063,-10978344561.713099,-108304757088.47395,-14655438040.988737,-56396783981.660645,182291122255.14151,276999290730.89539,187587993423.90149,158496446262.37061,368439534510.60883,633322519750.61475,571151212126.21765,422408832245.06104,247920125142.21884,2175261615.7672024,-140187966099.76456,-198721262740.7644,-128473801962.19298,223049498910.85181,330731046352.83209,347270507984.58459,287737890666.76099,281053168729.00323,182821317829.17062,312765336048.00732,601318437179.45276
228588617375.53992,-361951157761.18781,125901977367.34097,316689437254.36487,-333523644349.40698,395185210195.95068,-201193582751.34848,-472204245655.10785,256993918536.85318,198491652876.34814,-662686350613.14136,518559424892.99701,560115563565.45215,-298621748379.18414,-688805227174.82349,-85836971770.459854,106011635167.2919,128485813236.36406,400084203107.54596,-87015905406.493286,-170757081226.15814,68447907108.688408,-1527553729.1380756,-395781252256.59149,-409245128990.88531,70250333786.536896,143229097998.48523,-38478432664.37706,-257867189029.23801,77778757316.825241,217489257632.6698,50072826706.270874,-30638570009.795929,108869254590.21675,228025782602.44522,212583096537.3158,-70814944735.541595,-210968576789.82928,7455468863.8280153,207572584335.01569,270859097616.54489,171661430367.58115,119607614271.40952,334366484061.2171,307495744321.5484,270441325287.23846,14242250173.38526,10940007279.344931,101548196008.03491,40078646158.121704,-108844695656.07004,-185136859785.91251,19593344048.992775,-12745266290.773886,68091743965.185883,165609846541.43182,117693857886.2896,112345545627.41302,126219878351.33676,-113588281091.28464
-251536709615.76129,349689171633.8808,-175095733068.5546,-193886435516.19263,200269398058.62042,389923821805.78198,-314747929590.62115,-360001444368.2843,-110597158242.82283,123584724643.70044,507085276204.03906,-329545715768.61371,-127200509282.21082,46340438992.099991,-240960419018.60751,-113433188827.18887,-36748679682.831383,115046748263.94923,-263125859798.76178,101504625753.32339,145880851903.9136,-480831931415.67249,-231169123794.38608,278604809764.25336,-35292403527.997452,-359211771054.40002,-57504690444.097366,128191110068.32159,-80298369142.038559,-112471432887.17778,-8383443192.3896713,172342778493.77612,51009182911.203011,-210864917676.19952,-365570251803.73999,-184886405730.95935,-59074341181.950043,-114492608145.50252,18529565745.403515,12299477551.891142,18911099934.258308,76726956534.293839,148441896289.95328,179757416733.27948,93735878490.676315,57337490088.317833,-50078091260.824234,-176388214823.75372,-168404684851.34094,-176827108489.49246,-184179021898.3107,-332830982591.73303,-365212382464.66968,-300614216702.97839,-100773445996.61113,-129717140607.49545,-346648144164.72064,-274835463749.12549,-175076030980.61093,-185624590032.79523
130411191592.63869,-59007908855.039787,147612178146.57761,66385279643.317635,-243465683806.97906,-164237203240.47919,428843033680.74121,-127573434423.24605,-78009399427.066437,253389144153.36615,26228959993.32235,-28089798983.159775,-575745254640.30566,-165105345628.97867,287558039745.271,-181901672651.9631,459409839.04081845,374727110938.87701,217369384171.83533,-80336371182.938995,-175117174425.79843,282750845894.95361,-93029325897.813538,64489629994.088081,746046308186.10144,316802383740.83191,-440701935899.31787,-140211006297.70419,293336702102.36127,291929209002.82611,56252188628.196297,29009274582.916397,20315706186.221069,-70957895334.665939,-164939833327.31448,-134413602169.84564,-140480990093.38806,104783957252.90173,127955121160.41931,70176905979.381378,170612782263.39618,35110416846.873085,65469652262.349121,182177851572.07587,238896432698.59265,46524017219.126129,28368794725.434162,164659218759.17313,236646037114.90521,178460222645.06784,-145052521699.79175,-202332621138.66263,-201425088957.18936,-178965614827.88837,-41426985711.266785,78305962085.312698,83009460416.556244,234465211282.96112,-38317672605.68602,-132241628413.1438
217619192269.75406,-49604445765.825562,-135341563000.64703,171732044268.01514,162943091992.45862,-132045774494.519,-10835692594.257473,40534917498.440903,285539554200.99817,385501646150.86658,-207259364537.25122,-196331927110.5907,-159116426804.05685,-169469009749.93176,15044563855.683456,96418758210.675568,-202107321442.99554,-139069434907.17087,136084010483.53008,283356129797.56299,147887183856.38184,-56708973142.899559,-133277096487.76756,77995290157.554993,36620494104.581665,16790314131.079706,109555058783.46889,40782152898.38517,-56666237065.314026,375873382916.5885,395675055361.23383,19254037649.150841,-45713644856.774872,300603771555.55048,306586606635.19989,146928472453.65512,-6773931461.6773491,-86733431060.869339,-163275836941.83972,11054222214.703056,112529123706.45415,181645824965.33585,-51402918719.727577,-355251363832.75323,-537167631144.01666,-315692916509.92804,192354480356.48352,402245631080.04315,79941248774.808121,-90510764991.737732,-274846533951.07632,-243356571865.92752,-212630259117.28677,-14516941072.544392,-29820375807.995583,259059396025.5961,358619482613.85535,395680742757.41522,189339321758.4357,-22874546525.740669
-81710351180.245346,155298521542.50012,-371258535741.36493,461684923547.26343,-269339675995.04416,-308014179936.5863,244772602364.3905,-1209738927.1297901,-124595015323.63202,517395613511.23688,285084830811.44855,-452809017028.78198,-23997156356.758633,-28017088875.612022,-146152359017.54022,175733081748.03589,137845612476.14462,-157133033368.72437,-447792600330.81366,-344795834014.29675,127646551135.25209,476205311617.38513,-65072352770.133423,-367645861735.20673,39230125205.994362,210509220427.57697,-115206427370.47914,-418195531878.01221,52865123368.841507,399840077563.09058,360315766445.89636,225419224610.54288,169797086675.17841,242189055263.85968,287776595802.36932,60213537368.571747,-17648677967.090992,-201857049669.15872,-359470002065.68518,-305104090760.93817,-18558428550.812088,-72126500442.177399,-164860564368.53702,-248120288321.16144,-84918844777.050476,97577954103.198669,57000554832.191467,-38842562251.334442,-249775656497.47879,-428015461447.50098,-333331319365.49579,80158313279.465225,187317057518.24054,280693539746.45496,195219630188.61935,189471044464.22052,227678711132.48315,358534318650.23859,216730712976.24316,250254742855.45337
-16096544605.269203,45045582204.159523,-150099935394.41946,53215453472.222153,41648846569.125168,-119917247225.90677,292283823965.06305,-391083868274.24298,-89707484583.608276,503381059149.77515,63318449602.516464,13368866090.649225,-134614643591.47467,-289174372180.71613,-375784231969.74841,352596971809.13507,663102564989.92102,-79926216243.487732,-344328769048.43555,-402957646241.30634,-269720247053.46503,120104659188.40233,-22473586113.862705,-292767720937.63055,-196866733412.68124,186251279653.31158,137370822390.18001,-167458935793.02872,-106480629987.47433,116071756503.63489,269592386403.39023,265749135903.0553,242723150260.1113,237901636076.42789,268934540766.58459,58825868533.994102,-252842716336.95166,-346791193097.02478,-442694274981.85724,-283993330455.68341,-85849446763.882751,-85598336454.573273,-206441216785.69171,-121442698613.52542,-10088040594.288925,-145941911312.16879,-115468284470.6601,-94578214442.31601,26093901195.89653,-1762596002.8297718,131631495855.18292,301914664053.49255,306731033268.69739,200501378449.98962,237667465016.77966,276381028761.32422,235954204375.88303,189675252447.79578,121961502531.91806,46469946024.771744
24239641253.353382,85280024387.350754,-229084170905.80145,-71224190663.751526,271371034867.4155,-302940561418.81793,135895870391.59601,311273393416.54388,-224565004801.26154,-120976295350.67831,351139108937.06903,256661489027.27063,-117739485305.26337,-210967734736.32083,-265737161524.52774,-52470736804.941338,263080515152.34875,455894466975.45502,-166291125983.39838,-482065244141.67798,91408773042.245972,217198476777.27881,148210610454.40286,302001687523.39954,30712262469.553791,-185191337120.42825,2947509807.0390272,323507720059.32526,306403782180.17737,275869856212.45856,116635392973.34512,-12344919395.420677,-151809554718.62469,19122483103.704506,241490280197.87357,184773618050.96072,79835228728.665741,-192689885810.93484,-454731944649.55841,-416636527702.09241,-213625002344.62616,99162539049.086899,203528448414.14157,265240010601.30392,202302280288.25034,-26502497132.385895,-324687505661.95691,-386659769402.04169,-222907253210.78116,-80606239105.972275,-57703293809.910522,144266301773.44864,284468114433.51685,382980604790.89899,431766300817.37915,484492511135.15405,295910626253.06958,272232260103.60938,258149461087.84238,-354437438841.14777
-152484266972.44171,1767547529.2912858,489223795861.34821,-484520491397.38837,230595396751.41061,71968392996.093781,-116146705176.01891,187260806235.68964,168670759045.55865,-281669428978.04297,-112358952415.64546,380538951701.94836,138243296477.70465,-515308623171.36841,-151681154784.46042,137874600232.75598,-62269688425.385429,249267068700.5083,279356654771.64569,-313375587991.36133,-457734579247.58362,115669708209.49422,364911596631.55597,147250858281.08542,116043586833.52086,223136524715.52692,-102252804857.88667,-322410346587.81567,92230288579.280029,309716889346.39709,-25258116361.40884,-252844924985.87323,-389509764808.96198,-289129340094.29932,-11118177178.423943,119927472957.23596,122670065607.07315,81239119897.197647,-34503304647.238861,-63364316046.674332,-61853350034.632965,-15676295408.748922,1914435855.3139126,-10727649173.114189,-85397320967.86467,-191549674954.99402,-278032396374.38177,-255078222012.10175,-342991233000.63654,-415978887030.5849,-302736559644.98212,-92616139496.167572,-17335098970.631844,119355736599.13608,133163435131.05743,54541825480.712746,-214229989599.35291,-314811065278.3111,-110836069017.83986,-88290472936.025467
-125057511543.40443,25464435332.15884,290972891873.56445,-164044411106.34268,-211803730172.93237,266571774253.62311,-363995139530.45575,97571207377.813004,222584420159.0647,2875561805.950583,-74867060042.704514,-33908577971.366302,101702000287.31479,-217989478515.86435,-253920635838.02646,139555744231.55081,138380898037.56812,-219595086728.82101,4131482991.390677,94940611932.633408,-483332683211.74475,-501221537386.63385,-88762823457.918411,65143556224.51516,12908362297.149246,-31263356320.492832,2616707415.5454135,69207734109.674728,89560239965.433731,41997754252.572319,-39582534612.667,-59055994025.180016,-234329572666.99609,-199396059817.3317,65162761916.844803,206769536203.28394,201341733774.49835,22910853455.519104,-224097869496.23587,-321915454055.06671,-191810447186.67001,32091837208.164898,136959168671.35396,171717677004.56769,342056444601.73773,463405253491.58392,375978899112.10132,186750478728.88577,-44429807073.678162,-10831587744.469156,-10726413572.344065,17710188723.536491,-64251279494.854195,-175768042440.30457,-353273449619.33087,-394997726108.3147,-191355085271.44504,266043042232.27298,417398436171.43536,256842908824.6088
-234115542882.28192,116432756191.02,91333263286.083603,77376251416.690048,141103530277.83868,-280039428240.58643,14631638666.033632,-14772106268.540556,66590634313.228142,88512320642.38385,-25265491995.029739,49196869279.717857,3729313544.4881401,-47403462938.666748,-209585822729.74521,-105915426328.6011,415462123854.49652,234768547210.31418,-65142856876.911804,-250951001815.7428,-159179625330.96838,-42418469887.981949,-19304953504.461082,-128586981062.41666,-128575452330.62871,-223794134167.8501,-246298895092.42078,-166302510140.26666,-13949113461.73185,26881568590.019089,-63211656225.480026,-257088518443.32401,-342560942411.20306,-324291357606.36255,-87224061781.512802,128298783393.06198,68235364299.087082,-93411035166.645248,-206983580708.40909,-385006565140.16382,-354702649117.33636,-198749460203.8432,-115330219626.65594,-75768527921.180786,132696503573.77252,351529729413.08606,575604732172.53711,550156111444.85376,304285415315.04248,242732506570.39713,369712162910.11908,321630845013.39142,102708537735.0813,35195307852.787735,-32680232374.714951,195614303048.71902,297117917058.09381,281688421204.61487,27342298085.21344,-213079817408.05249
-106522714157.49153,-61241153099.24118,277513054998.35425,-342507693956.88733,218302748053.25958,237627422304.41846,-335515643455.47992,-83690856824.516998,-126944052516.06314,5640301285.8657122,172224593249.69763,-182639830507.03397,89372022667.661774,-33261514113.434681,149065054477.12521,227359929289.08731,-119118742171.44449,-14519253139.237885,212701288753.76736,-84850329703.518097,-172968121006.30151,-174737326273.27646,-51015808185.097977,-5766075684.246583,-146149849558.05646,-320818557766.51355,-135756020296.70601,35946125960.330292,82263614326.067566,-38721023662.237236,-163855271322.38263,-204172920702.93115,-337433709296.64056,-376773082972.13226,-246391910064.10919,-152822531766.9339,-5812001536.84126,50560301764.150024,-121975864242.54863,-322662627262.25061,-343664291231.63806,-287965654322.82202,-208148897349.5126,-142797048051.41254,-25234949881.377365,-50683630055.143784,61346567850.687164,4418754874.8901758,99149407317.420654,187811710399.27606,196771234512.34558,257674984101.77304,81603612753.365433,-137736933008.78381,-304927554384.95557,-251858109835.06784,-74527071184.332504,24754160372.025574,-9165072689.6802769,-168352296485.52377
