6276.7711441638985,-3643.04730743847,-2606.5783444432686,-1876.779154137128,1921.0927385852442,-151.71915852948706,-694.4034097018955,-566.3502444909848,1599.845406136556,-3347.9097530676718,-762.8020822216453,4662.422933846696,-7723.913427863597,6859.051929300074,-2241.309469530184,1505.6651510068132,-1425.623901997026,3560.2167194805747,-4530.4353128713055,5439.561935821767,-4058.414922339692,2243.422538493365,-639.4603859423222,-203.5658603691685,-1376.0052654565432,3035.696398672415,-3339.481970102617,2090.895751312298,-1473.3393366595,923.6946050614794,-773.0336358825878,-50.909883958112346,-146.18971003283824,535.8149248764161,-569.3715641818824,-2165.29546156509,1262.465210716906,987.810614896048,-2352.8301354229093,834.3175987459355,947.6095604464962,-2320.160574033322,2359.9021777679795,-361.95145739288625,535.4537905433394,534.9584068682177,4126.611518499617,-7003.915357945963,6762.987586903889,-3522.4902612821534,1830.6728164467397,-1592.4212652074552,3560.886477165329,-3834.2995077357473,3675.847053117332,-3807.771059688454,3111.228356228638,910.6896820759173,-5376.1351282395935,6461.980426207663
-7044.334785557011,-3286.446853560765,-4475.601411208667,8559.21457897857,-2513.1625991189267,-1178.738487001896,706.8796562211126,625.3732359935168,-2670.3765192725773,-1764.8331809818737,3402.830461266838,-3777.0075408339276,911.9935060826535,3338.074491348276,-4359.759289364312,4228.004123085562,1138.2365190082064,-5115.919184678597,6396.564540747891,-1975.8239770088148,-224.35206012602544,1235.08663408528,-3707.8148911022226,8063.025356438678,-5961.845253162621,6176.802369208214,-9902.145260823221,6804.7879550577445,-4572.770287144893,2765.3695280837856,-3609.2188349584994,-2064.177097658773,1947.6989317288067,-218.29414747613026,1367.362771912196,-955.070086460607,-1342.6400497160207,292.4317346779344,1212.831429099698,99.1745787676175,-3273.618694046906,3575.3541465125986,-4604.340217593779,2491.467637320949,1884.9838735333683,-1907.6816259699517,3602.7263595239274,-1503.6258247873882,-1548.413406232606,2315.477949578627,-763.1034380300787,1229.0624229146688,-964.7616603473195,1658.0691614895186,-937.9749469415988,-932.8713416282873,659.7802977933003,1853.7494819589797,-1356.3988365216765,1099.1011658510422
-2531.7665655748688,-2444.300961191117,4626.155132055542,1381.7978606173042,-1168.6140211499057,-89.32274403609199,4821.031248176382,-1004.4965360869455,1075.6715377241408,3644.0083592674946,-1672.5081473280138,452.599618618392,-740.0357599585602,1017.8269587148618,-5516.8473784607795,3085.581899867547,-5986.186461427309,7350.404771797885,-8260.154711295238,10177.574538130224,-12952.352509780383,7388.1783576939615,-5653.154723962294,10936.603266462393,-10964.952396448758,13763.441012284926,-13609.868287721614,13527.800010091281,-5836.266190346853,2519.7264646414196,2124.011524228459,-7384.564316484192,10979.286589535634,-4051.8584065626833,8627.984019882855,-9187.884282946252,2253.279182822665,-1048.1495893262515,5126.267500737764,1531.337361506693,-6531.180445570034,3239.944499243077,-770.470880435896,-3036.820685452207,1618.5285452396747,-5182.920695868495,-1449.5384087624197,18.962210389247048,-1997.9451817724207,-2091.1276097250516,-1714.0290064589253,1688.1014277356571,-5318.6484572732625,3920.971733982009,-1472.7862240789577,-1069.1310736354444,1238.0915549718923,-5220.004498186837,6971.05136856053,-9391.536731978707
-4586.050223710995,-801.4513032891784,-35.25407118367018,3417.481033265196,2683.369512969111,1450.481110436255,-3922.121765231885,-4592.421217025115,5184.8005318673695,738.1482220932448,2658.6309099181253,-2353.0290237505706,-6523.107126198317,6656.221952070045,-1083.182232560062,467.4250583031958,-3223.983039150284,5645.104984209261,875.3930369935796,26343.219797535945,-45374.828348589544,24606.083550727766,-28191.232059704904,68219.06028646158,-42886.620411121236,22367.707375095815,-44461.531137276885,28390.998989002084,19702.13665455647,-11626.607790324506,4574.147589379623,-53283.39335016275,63523.505485254114,-33215.27249890631,63765.10828230784,-74206.94412310806,15695.762929301633,-1319.0575092710828,32493.66604991654,-7944.684993045723,-23025.833410755895,-7655.828961956639,3303.428727257004,2101.1083735915136,805.0940765625935,-2342.1945123653286,-3990.086617828158,7953.175946777691,76.3291691970922,-2664.3531897382577,-2781.605428996266,5002.907657109484,3218.294118596527,1131.1389290320758,-546.4005585182513,-7910.8317734835255,113.3087649888106,7090.855113932816,-783.572671714904,-7830.371194638095
-6561.138702841582,5480.117004508476,1142.6071416284851,8679.482289529285,-3622.4774373182963,-5678.4910534104,-7042.798890457155,5784.0504799604505,8181.0108929139205,-5125.482388536043,-4331.892746504832,-6609.923576997524,6636.914711334375,5205.487193162194,-5150.472034622152,-6049.72674757972,-111.45528365102868,31082.87363995394,-93947.30245310198,238888.58661134195,-108655.34665013125,36677.23293941412,28467.741400192357,-97176.15605213318,276071.89087324956,-91815.98515999163,29171.295230763626,13331.831674961959,-43850.38765071241,250692.67302595006,-39199.121335000644,21066.86691099182,-47487.82634837612,65125.32046657101,177282.06089814857,76343.49615562348,-42172.14244982844,-29395.709380346005,89883.26255947705,203123.17194236832,74441.27957026199,-26674.956436367967,-13690.44989758978,8344.373027205007,6173.116845547437,-2867.631762872229,-8355.675138385302,2056.7146916820466,2928.227665207052,4535.931839144989,-11972.32105963819,-3848.788398833957,2747.866626864194,9612.373825553785,3367.7677809568722,-10330.243886583405,-415.79324558098983,-3759.768039086438,15635.5858246356,-1183.6576142025679
15178.31103260096,491.1055736067667,9733.997102633513,-4139.349515892936,-4217.47701581743,-2927.535736690873,3854.204613498308,9573.391192694224,-4092.1075799177543,-3256.5792691198913,-5997.817955352407,5207.561405531207,7672.494628698667,-1581.4786988812843,-4697.9415017466035,-4971.067253676505,9591.410800608546,4093.876911512057,-37662.63002932761,-2263.7642133904296,41743.520600165946,3307.650609992432,-11880.306823416107,-20471.604154453584,14313.251427812236,-9535.148833682768,34048.78440121477,-17789.43837866808,-22710.182694997115,1425.063517994637,30080.084252988225,8966.560587193164,-20590.871513659356,-10093.617043086479,-7868.626972029549,21242.79332475211,20039.12582615124,-14734.970516706953,-39350.51782004962,8561.816620681328,45499.598369147556,-1701.620684596117,-12105.67329636511,-2965.9764292952545,4339.460745394783,3054.051739339066,-3009.0525076049566,1161.6824146525955,-221.24741505686336,4979.594933160119,2995.1297638236674,-11196.79497501176,-6109.148398898045,5815.744359010931,10169.553121329356,6598.628070927569,-4255.274546158963,3705.5610183424424,3272.252374229319,27883.541323791946
10962.964596275744,4790.5830637339495,2224.6296489302963,1396.8593150954844,206.36027579324096,5038.756252176449,3991.897268649012,4349.56656057184,-5658.302486259628,460.5962120987774,-5839.672935335231,-1125.0078686933084,6496.5782224942295,-2237.4737019437353,5189.09273517043,-9656.382728930615,8504.429626522737,-6051.034371755359,-514.594281181877,757.4839344650836,-1770.0643072933576,-925.0089653820378,-483.9060611919865,-12658.30136768256,467.40347224352354,6680.645965185134,9306.010623878965,-4183.013252877358,922.0095864482578,1596.7459464878598,4457.574705344358,4417.413730799302,-5001.399193257426,34.21606030695796,7114.388034902207,504.87562102394,-6813.9750649581365,6984.892455507085,-12789.99226461739,1136.8440407761127,-768.5299797460391,17493.665597305735,-5701.431173443683,4299.374337571473,-10606.889887253137,5224.291759175921,1839.8134111229588,7918.060709996146,505.78491900434847,-8291.824729877359,326.72101672862914,-5761.366771488685,-1575.663983992046,2889.587705982592,10434.945475825989,8972.211472724139,4660.778119832693,1774.9335106857766,13914.186392652988,14590.60392774505
5780.836315600957,-12242.582656930506,-79.21746777504639,7808.413827825374,-8004.181818324188,3839.400388348173,51.29665718916968,-2847.3730831277976,1192.0279342478188,-341.75812055957545,-589.4375419677049,4241.293456148142,-382.3690732760304,942.524071448643,-3955.3259364223645,3924.1101486023454,-584.9412632313328,-951.6711382452867,1339.5782234082817,641.6020707410928,-256.79492666499993,7647.434422691925,-7819.971622228769,10400.422211211786,-15532.592764870818,20721.09656700764,-5558.970614625843,-1782.2000033096256,10507.414537912533,-9411.020695688396,11267.757565177417,-16874.868946434366,12144.876476973472,-17209.214844413444,20766.789522373816,-10147.29875270138,11349.91561235205,-3936.2708995202593,-6940.697098412651,7884.620876890772,-9234.463169558689,9944.877768033415,-4070.6282750304526,3403.291861379305,441.9658042631223,-4274.811535945135,-52.815881067585266,2126.8436000993424,4432.291201657191,583.4282033230837,-2431.1046539657427,2423.898794799811,-5232.471627501881,-3650.5695220653824,3297.2563040257205,-2732.892694815298,1124.4054548924814,760.9205397800326,-8755.032447334483,-363.45311335241956
-8740.876018767673,2886.493690428354,8784.590767932135,-3838.3195127509994,-7525.545122920813,15308.017278440582,-13341.30654912384,7045.5339266040855,-753.8611921076097,9986.507066978344,-11067.269803171184,-5958.694515549003,1915.2208662532312,2360.249852712025,-3221.4238264087935,4738.267791492516,-3277.8552523677768,14328.984989860699,-23437.54607354191,20154.377118930526,-1802.4629783851633,32822.59011260927,-21278.6288441059,14863.232773923308,-44563.369908391,39776.1812209816,-20880.64233570677,-1552.6937314046813,31487.25567087445,15784.203625467226,-56157.62930692937,12892.142401508347,17768.885211425568,-47261.1740260129,49343.775022956994,460.5642637524775,10445.81482372215,-15440.516865160836,-13286.89204026574,7264.407052185573,3969.9067369659338,2390.1198790116296,-1274.22494725854,-5380.142575131594,1703.6083267312727,-795.5781869152781,-420.5460612383372,9736.956161012715,13756.595165641575,-3649.9028411284435,-7444.288602371872,-4166.745533775677,-2910.8745490532156,-8016.728256714429,2784.734126185728,-3353.108640920413,312.03195475215716,-8258.67783265142,-6132.503662366109,-3616.8242533422335
8027.772131548362,4894.421526782728,-11039.52714146603,-4148.034013407443,9824.570049838696,-4147.36331150068,-11216.91365389495,17584.408219347606,-95667.67531369765,204324.94999089622,-103161.39882583875,16666.709578596365,-8928.646289932265,5351.630011948792,4191.8192328781915,3211.124754568973,-7767.7023911458955,-1853.5099279182741,-5342.490202011857,21025.798023245963,20646.30566523596,-100369.11046467992,260343.49779042607,-93350.07172888411,34206.491680401516,-7814.30746165343,11574.843882307123,-10382.452246994715,-15593.694969951744,232960.0069085152,-19280.82061951273,-2586.348962666117,7827.347483160188,3960.1385749600677,-41932.40213997619,65999.26124237284,196535.42199811272,74454.31719682255,-24611.310569029585,-16794.15631790485,13437.07224289651,8494.164621586628,671.0039836247076,-4663.193033974397,-4153.748596424533,-5868.900031129209,614.3236566747943,7692.478511524545,104901.35607586284,233534.40359801546,97642.39457871397,6485.748173354119,15019.09664385774,-3098.4839994223876,-6083.253414949187,-4945.965877399249,1566.5783161012343,-12597.857920693106,-27531.053639928094,-10924.40949367809
6109.091793046647,-4263.809084762697,-1572.401573820583,14095.980310014927,6163.982793646205,-14189.90818161415,14338.57375915076,-8987.99590914101,-12476.407997091712,-352.6043998279632,12392.0357651515,-1031.9422825619654,3185.232119758976,13020.429242044602,-3525.4324274373507,-2585.522312256243,-11457.619626901642,7769.688223139751,4197.441313884674,12818.875744570307,-27288.498927020442,-5212.390917161823,7303.762492540449,25439.60735546066,-15189.773034681548,-12177.20841183164,28119.58616410294,-27273.60656100196,-12755.045284736298,-9855.650227068878,29976.369087232466,7600.599433303411,-17937.452073074925,9852.895890586788,6388.0143072705205,-52457.289450452445,1816.83621311528,36852.564022051214,10566.860728976297,-7286.826182961283,-13843.93129743401,4425.528898410621,8167.8246004298735,7331.897507464282,-8861.637479016086,-10229.484480036943,-5316.060656832471,3153.7337061487915,-11232.958914156314,-3749.522005165846,14824.360411857344,5659.721212020799,-7350.5313131543735,11880.583235442553,-3228.8581827435573,-2824.408885882834,9997.072580877295,21620.692912882365,-3740.350478571763,-12428.671106554499
-3642.0173543547185,-3379.865111231651,4436.931818644876,5789.475825817677,-5430.15608484347,-3675.559727510147,5227.967247328612,-8384.887719650631,-3358.021975584991,5106.668798460016,2691.8205700143963,-2638.486565635786,6885.935108631572,1362.3262925235417,-981.2809133969373,-4833.149808013034,99.0900448521106,6535.1266741923555,-1324.0265281780344,7386.221910818441,-19370.393650594,8410.294161397505,-5461.131706340764,9191.487306669484,-1918.3491376116938,-101.04198760971462,2302.786900555214,-2850.054921699359,2775.3546356639595,4280.676276410118,-6932.666155820157,5639.815108768684,783.4540408632031,-9520.85651456984,6867.230007411835,-1869.0542991801285,786.7039933137618,-887.3974692333809,9798.821428586605,-4935.737639961926,-4114.08255238307,-5978.341592460817,4651.385869029684,2175.926979181877,1702.0475975743182,-8998.243677024953,-2368.448587002722,2094.150068753697,1768.2630036892672,-2392.3903332033965,3416.345415276966,7751.9495281125655,-4836.29832364345,-1281.6438741033348,2369.3443019990837,-6149.680570565508,-2130.03454350011,4484.699319805559,3023.1534476641064,-10610.993540696536
-12314.493639477047,861.3545085446367,3636.5159148179146,-4702.393760082162,-4201.153832666566,1465.4078122376795,-653.2710503196031,-4248.089008156762,5316.509786219316,-3499.5078372059324,3107.717770623241,-2678.8913315231525,7062.399220062148,-7396.756484815707,4835.113061019069,-9745.885258681914,10266.29879457432,-10281.7924960934,15898.823994255034,-14482.168806122394,6840.893971643751,-16659.411600682964,12825.769443933466,-9755.066514472479,11857.528047965214,-16996.17230566922,9396.761697275293,-14041.1773751931,18841.507328091666,-6013.375495672564,1062.956058079148,-4938.63261404326,-5134.722352092586,14880.01853447497,-15261.835606297002,3080.262414264675,-10473.209720519462,7236.198256774846,2807.17314988876,1474.25067267437,-2236.1887833361866,-2249.3487061003534,-3607.2491348436274,5793.013277622811,-3128.935332154889,4950.561394671691,-7210.394053283639,1110.010968030033,-400.2221085951484,1766.834033434176,-1974.1999575091845,2682.70497731236,2867.4258311715184,-4599.519842116737,4546.8991224502915,2129.9971693230664,-8586.045205698747,6114.844235329502,-512.9455579646045,-6390.12439830528
662.7575894482725,-2307.518485147608,-5362.505316036984,5242.19988508949,870.6972715602024,-7013.13707146337,-276.9910497878726,-2709.224251534098,3041.785772583217,3302.222080629391,-752.7694084174307,-5779.504405498135,8991.863437024329,-6860.578607333371,8592.923378581992,-18296.60745267488,21855.473506553713,-13357.406937385587,19998.12172999565,-2957.057769990787,-23006.8378411732,-1240.166614088168,-17830.53940169728,57753.733789491715,-40011.00708040712,36796.964267997835,-80939.81487359182,72189.05732380248,-8550.889740926315,-1167.1253206622641,2467.2457774388467,-56999.04247665446,52456.720109760754,-3088.888883009028,22866.75018910929,-51820.71103865401,5768.602564282904,3796.3272457928065,26806.973438464403,4615.064189563632,-32127.668744630042,7405.628781572391,-13453.7548556428,11171.63646938258,-318.269199936739,2928.9268939403323,-8706.919118578453,6380.649769117232,1995.4497842572418,-4582.0251703929725,-1795.60955118631,-541.8953685853203,4730.261551572197,7569.609493671436,-2621.028951115102,898.740323132069,-6886.354985309644,4793.85909711358,13239.614479398282,-7150.456868761751
-6088.2296183573835,-3681.078137583334,10973.97153541793,2353.8836791919543,-11080.244477875127,-5363.827957502082,2483.852486095821,5914.503446684248,6936.485881708785,-9137.720638936793,-596.800412178832,983.2913625185784,6858.190323991145,-2402.754900896993,-8691.120121121017,-3481.903088423361,19109.26991443222,8509.498064214542,-99851.36853363382,252324.79003384645,-105021.71677946326,23228.634691122832,36892.90466569246,-105543.75381545443,297790.5982494385,-126600.959281721,67166.3383383365,-24845.004835919488,-13262.65779569768,231479.10271072565,-23551.88638095391,22394.42507625005,-62412.62408940007,78601.31672458243,174656.00975026452,64658.828448936474,-31339.35506641239,-37632.03171119275,88387.63611089678,199823.83868195713,81378.4502398788,-8553.896886710088,-30596.72753565086,654.3475960683261,11527.166821680268,11633.391591103786,-10975.418367619337,-6523.709276774877,2014.1439450898592,1553.5962643958792,-5006.8756158669385,-3509.690979966823,-2497.0921577901295,10214.393820829848,11042.510270482922,-1295.5754148628384,-7893.774400733719,-7324.612723847264,10221.310754873271,4109.228338640705
6454.876337051746,13476.811335866969,10652.944412819801,-10763.153391970516,-5149.255654361078,2945.5706889191893,10857.59708207264,1615.1188058163943,-3072.048945256044,-9984.653733762096,4882.494171299577,5650.4285219261255,6255.131048899242,-9136.439123231668,-1423.3861688342597,7015.133880528271,45.94974229125796,-8019.250936162061,-5807.728464694606,-4407.644711603418,28381.804082072384,-3364.837608827728,-7189.885758053703,-28989.708947085863,-16668.043815494406,42186.53873706203,21445.399959265094,-28311.43978879211,-7389.800301135905,-11017.838270497235,22306.431975420008,21053.240848374793,-29762.684300770812,-31041.177730548974,19187.713362089475,15490.660502631988,19616.523324811293,-7997.811715564987,-47715.782842843306,-2155.354870150226,35802.12844255262,21045.46898135139,-2612.193189729549,-7024.003418783148,-7741.077947058102,16122.88336965427,-269.58325442398666,8734.455975154931,-10778.103755680664,18492.39406275568,-7133.378308473418,-289.5217514212352,-12138.865562702631,-7464.44142705484,7500.25700377792,14187.27344519066,130.26089109678605,74.9709971801039,1566.5159060548617,14511.545989546848
-3653.9056147366696,-2312.0605796508057,824.1548249393138,-10906.782059168367,-1408.7110548835199,3558.4238581478994,-608.0455116881881,5087.826416395891,-2391.667662338142,768.9430274417637,1786.1003910764962,6932.546965897765,-9144.952432424388,375.36245307501054,-10338.675148164672,15109.245817477755,-7347.714613852453,9533.928960712543,-16074.466214326667,6911.121083130965,4145.042614715122,1828.8701437827754,-7587.060598132417,13566.8144043619,-17247.010399709023,10041.04419649706,168.38466658823495,-10214.68440076605,5743.718337275232,-1809.3566465294186,-9232.721460493429,20304.506794337376,-10729.50962439029,-9989.012007420612,-1863.1871348103869,14320.431003102749,-227.05721823145745,-3682.4913199975135,-2493.449160917964,-2692.3323919617496,8171.357863156309,2971.1672004593747,-6653.76953370767,3881.8009374654234,-3823.6811341384014,8171.760346177225,-4696.459373504238,1653.2600105887404,-7481.704226624668,2510.5521923017122,6082.738234259195,3313.585931145894,758.6048923055569,-9092.750900456109,2803.8522513511666,269.0558493297199,-2297.254005675222,-2759.0577736091523,-13583.590330345723,1910.9052084636476
-3908.5596619744,11691.529581995897,-966.2024708669155,-5273.18759628748,6347.60050846203,-695.7653673273986,1596.334833476823,-2103.4970073750587,654.2589085002505,-1227.8253122083215,1988.7718573685527,-2645.1617091547855,-3368.8498865759448,605.0486683887495,3095.2218556408884,-371.0158524812747,-2268.5424471094934,1514.4496442529705,-10031.099516168968,8448.975569247592,113.76947447940074,-8635.664356556934,19089.50801428277,-28621.190446179724,20637.8154353534,-25157.450218941503,19004.512343573828,-7328.345096217442,-6683.172720514953,13916.915037393352,-24119.65583174268,29459.328377960366,-19822.59028522836,5686.418819336199,-2831.8265163653386,-4293.330302157472,11647.72389183967,-19122.08906169521,11942.050322890063,-23662.22026726841,20339.758798761533,-10340.341311975322,3040.8945583411014,-2574.2493501362005,-767.0036750011919,-1288.3837035353743,5548.455110090325,-738.6519746994363,5034.336435189104,-7661.071475268458,-2658.5007982743855,4241.702142638113,-4400.011718189566,1787.2057000393575,-3316.0584104834434,4378.832466103441,4008.1280504450474,-156.77889958418933,7159.677019967002,1408.5160913512418
6436.794441797728,1701.8647182786965,-3024.1596191977874,2136.667442358234,-199.5305918180643,-2637.9678013272255,5814.150628454099,-6152.27931700599,3965.9442084094917,8712.68404559432,-13643.645285571716,-5266.278674466074,5394.448092673782,-5203.477064383808,5640.644867933557,-460.24297183346016,584.9023465619839,-1827.785053799776,-3848.2881735568467,15546.794991533048,1107.9396579752447,21415.58320508379,3496.3830216730403,5140.701877252946,-53636.610239784575,65877.17181052676,-48702.28717046929,23988.11279482519,31557.242618591314,-24730.192882632873,7906.529252851475,-36518.870579982446,27145.98054387819,-13694.355289088637,-2774.3438735955374,57898.66591656431,-36247.36715345615,-37.248723270608934,-22655.25418633469,9591.072115665185,-2171.3608915292803,6536.473572965942,-4579.492887131856,-7203.482669958481,3207.890538702245,-450.80871819106756,482.20665457660914,9902.29254575101,18800.461884422843,-5782.427325949688,-12353.742671657345,-1615.9681198701037,-8264.468194875702,-3713.247781512696,-511.41310112497234,-740.814308958355,-4457.8536663721125,-2898.6979287762065,-6886.229757880979,1614.9582708704152
-8313.600624333416,-5047.166262846168,-2324.7859756331036,2566.4899604041584,-2984.390430996595,617.1604963664453,-6631.2061956843145,8038.737608229967,-103979.61759257203,225311.0036884676,-107051.88589342179,8490.023162836142,-4662.574735002817,5120.373709473301,7797.473961999224,2266.333115020225,-8693.068526438918,-7851.778766392063,569.488174753966,33219.5712695047,4491.657785595235,-104649.28135488408,276585.7928956858,-83042.91152761568,2835.3913096915667,6084.153290761975,15840.149939882494,-24525.397373504846,1270.7760431498577,217167.40723854024,1122.77110671959,-28522.26525631096,38906.73008518988,-33302.33772475753,-4370.2415857398955,61841.14783823451,175537.58693042828,84702.6307365034,-16970.829956102356,-26613.638093436603,5242.7160126049375,12874.591418915114,8469.934129697263,-3359.5401201609084,-11206.153792844912,-6295.136806912855,-918.5929329629184,17202.405819407923,104247.2023769387,225411.07039712733,93050.27724763835,18642.392753784723,7897.304009155621,1499.5174619643376,-705.5021761808955,-8724.263317660549,-2079.422669718586,800.9653283546783,-9199.927431350709,-14885.033963173086
-17846.81806840637,9657.618740799497,-1827.5504020980795,4557.231541228312,-13190.623649995427,4923.533684317169,-8695.622608752767,-6097.441209983406,-17573.804643366915,15448.22006595987,9181.791263682242,7588.451579371569,12873.642890445293,-4266.715217836773,-2751.307998897728,-13863.360395946642,577.6198599942699,15519.173401496595,8774.258767563964,5492.880071796903,-39329.42408155982,-6328.923141426318,7909.725256317806,16843.69458574953,-6240.002863138097,-734.9041477869698,36626.39193180456,-48920.71909533739,-4170.782782630433,6165.7182269285195,3727.615688274685,29758.72181958156,-29016.356753333428,4027.0891039057956,10093.93349933545,-19774.5421666407,-12625.460206090565,13485.569252762267,25015.804338720376,-2650.4021370104315,-12375.786046478832,-11667.950819215775,3103.0388934546822,17317.85542563877,-6496.392965109262,-1361.0961723889452,-17894.003974741838,-11403.026365436963,-16219.808253006822,-4538.668453518127,23568.535690875036,7373.396817131077,6508.093169543345,-3830.517930224182,4594.393011202334,-1194.7664668955474,-9561.098603518454,-1371.4133901338319,7111.222706782746,-8632.015108132118
4470.746839879049,-1671.4018395363603,1212.6962739828994,-6780.034802018032,-62.98805232192467,832.2462853839954,-1497.3791271697607,38.470024121279295,196.78671276516673,8874.989610376497,-4330.268298686635,5794.015907625424,-3903.852984142775,-6262.056690286211,1068.146745433536,-4949.6548144135995,6634.587273485556,2209.587498585519,-1030.20239193112,-3474.6512446129536,-7255.434935999225,3789.7754702715492,-5501.707670363792,11533.56882049765,-3125.8768322623027,-2466.410959607141,7142.282278690307,-15540.184326313887,4813.6412482700825,-6107.808508781109,4257.94415968474,3553.518761483756,-2165.9357255886634,569.0883511223138,-5913.17095131362,8367.351371060155,-8490.407366014557,5029.936192327566,8313.641808179795,-3712.68068007286,4300.367522248052,-7071.144645388903,1148.030566694068,2651.936461157543,447.54086805367547,5599.608624785444,-1897.3827760224517,-302.428457532801,-9172.36577881475,-5638.752115220697,375.7944617770501,5559.058431354789,682.9711774868811,5315.006368033939,966.0290361804952,7741.067841718732,-241.7115015738973,4211.864902481434,6652.945792848916,10246.759143146819
3921.5498489342317,3465.9565015709127,2291.3307062187346,-3616.2739066206505,1223.4206260695642,448.4714978897763,-857.2980572118166,1196.5499046857196,-2826.6850893824803,5867.420324823522,-5985.593485587886,10299.153202046367,-12205.053500454671,10044.044561131623,-13916.181453426248,12635.348788877962,-3915.2506356197873,4481.897609052992,-1003.2510650555047,203.45882633697238,-8474.903633481195,9505.661625002873,-7010.574198913251,12066.399645415922,-19096.49618401031,21745.692876028334,-27151.648749946293,28384.204545770164,-31159.08068330436,28294.183043580462,-31946.423864173157,17339.584344601564,6121.685085702469,-1187.2126282876156,-3142.7049256448454,4782.736334151094,-9624.184979178168,10119.42346408096,2317.5361414095696,2196.6653691642987,-7610.427354136786,-1121.263947872657,-3481.3684472057907,7941.6678879338515,-3351.99963469428,4499.287213901091,-5779.440728907383,570.6838230482829,-2405.256277493363,-3157.694834328736,1121.8054545181635,588.4045321558376,690.0036285007664,-580.2900127857918,-52.92709451475173,-1157.7168525764696,4422.437818110309,-5754.738509202703,-7873.806825102492,5882.684743501523
-7603.956556764445,-3822.558900454542,6635.976120514986,-6564.038529219261,7134.23613198021,-9084.461591751968,-850.9312437650946,-319.8590254589367,6913.432230704798,1217.7961722787281,-6676.68973246288,3972.90150260605,-562.3237387106337,-1461.5624637073174,-243.70313081230023,-9380.97391033743,27122.317029364578,-27348.555243692124,54206.8162965662,-55379.87621588771,50597.29327045502,-75842.49965748042,60949.05470834614,-26176.351937818406,26663.511196415115,-16579.147363324144,-31789.150828952443,24622.318788942273,26094.49216815305,-5790.559173341878,-19622.110877479834,-21190.45587028869,13546.10556543335,41374.496982856675,-23181.16451374731,-19701.50707222078,-3347.1637350293768,10520.475259220206,33263.12597631865,-14250.847272314986,-438.571237042715,-20615.951201417887,2210.763295076722,-4890.661305397451,7173.16630879047,2146.1415613680456,1133.48545621738,-6811.619671543484,2663.2859986286926,-914.6023940429882,-4646.581639195726,-1295.4714879536941,4960.106673329929,2619.40459198186,1940.7008889026768,1052.4903620144564,-7217.169958980273,6495.906790372614,-912.713722013795,3021.4093794336704
-5849.272184935311,11102.121070880557,-5019.375759147571,290.43095168857485,-10516.1160713357,-181.026272239812,9527.364792427603,7361.032980869011,-12.629097156238572,-2196.141542718693,-1265.6851098456395,4855.375862504125,-4717.289631868221,-8111.612833759623,-5540.608646036266,9525.233389726196,24562.408264070218,-7144.720109926909,-104537.93522680331,272349.5608266388,-105297.05081135621,31482.220195977305,-11860.481956863787,-42495.14381489408,232647.23000851725,-50112.03987079255,3800.480173826585,295.46978374462753,83.2695967003624,188233.5680974016,47835.250168436985,-48273.21022451594,-16411.82055702723,53720.168555427095,180547.5121547868,77903.71550470211,-54691.2710316002,-14937.109851166904,80963.0939865975,184821.60658067808,89296.31203063493,7084.252643200347,-26864.17737185245,-13197.309310615896,7841.526186239416,13436.852070912948,4728.5102592678895,1356.2913410198428,-5688.216914888526,6347.609942118321,-1855.149088874883,-2626.141310118769,-11222.695789489137,5301.166646107606,5602.440699697146,11636.137048501601,-5757.407233329071,-1799.840688471886,6969.581926412594,11808.613443756625
14248.365879128063,3922.2009949975286,4459.694500816651,-3378.1726833609655,721.9187372730064,14874.906628514615,-2422.2499864635247,7574.951305907367,-20369.65887114927,11745.289240716,-895.5491612857113,11848.342274238381,-19160.28485307787,8070.808845101128,-4066.5825520258536,16193.654077307565,2005.9129564119492,-29440.51870873777,10530.072879690428,-7571.909747351335,16095.462888568063,6425.357108253098,-24026.608389494275,26235.708825165424,-51049.41248675984,42964.83467859746,31857.880111679056,-61243.61325749397,13341.302484014397,-5348.810998260782,2485.836147702198,47685.72247692768,-30766.34268347198,-41060.75253796327,12254.954909224522,32195.204311833524,18519.41421789862,-8901.985939950597,-25426.312870096805,-1070.7563800730754,4677.5007623264255,16189.858371607728,10794.403294657286,-7912.28885701917,-10594.100881325276,3266.635739886203,566.9108834370227,9224.03488691392,-3685.8674946757233,3545.284001027281,6743.64352546298,5555.834501751258,-10408.405789241471,-14069.266428162255,580.2018958920138,5635.976670830594,3059.944593741105,-13213.545212635421,-16341.815567787524,-13515.413396648135
8459.85636714664,-4957.137791970377,1609.6771718523983,1654.6252502247462,-2368.417493457635,11640.101715772533,-4269.107785349279,1786.611504674754,-11306.24020116679,10934.032316562556,-6046.136524163635,192.8380269086732,-8329.840405940347,6580.486143708612,1918.6117869415682,4838.53342592944,3486.0387515992975,-14753.37195101659,11088.833475656575,-9473.239382592346,13200.921694799108,-6242.676816320107,-5381.095598377872,1117.0522621162518,-7715.775197072731,9687.757131321106,-934.8156942023106,-1587.6855928573991,-2494.2807290030614,277.7081394577432,6955.692096868215,3816.7795316770253,1901.4356511483966,2518.3259881227023,2774.7634855837105,-1799.7194793694903,5140.3712579549065,-7112.7875870523885,2915.006690414648,-5202.91314622931,2885.0302607180565,-3807.7705594530757,11209.418462611993,-12573.569538336676,3561.724746937688,-8642.96624482493,10703.822136788158,-2895.119945550725,6996.2392114798795,-5301.189519244406,1844.6629802810944,-3613.057322280549,968.1282746691359,-7155.356458993938,-1821.025005387501,3697.4516068342873,1854.4494297763933,2626.061977366412,-1512.8935932215659,-299.8759850092117
8364.249120568244,-11708.884438475669,14025.401159061872,-11059.615441761816,13539.699916636653,-6996.787035086666,5553.44483262481,-4574.515563889576,-8365.43142169312,12194.437508247946,-13673.128101418866,7249.624204251158,-2953.2333070573304,5020.772156815518,990.662161844373,-5525.306819352449,12830.987893387755,-23775.042844488325,14090.45682750739,6566.549327317769,-18293.647057898335,27546.61481156191,-23328.68386829575,8494.749479811857,2993.4809065825675,-12965.467432499587,9135.739767909326,-588.5893992704284,-268.4220790922618,-1137.178565077369,1481.1812091473284,-5430.220742820142,-6345.79290722975,-3286.570462766089,8663.966533857241,-6386.293673013595,6202.5392403956,-1658.3745946200497,-13531.562015789274,17625.539567556312,-21313.146653341082,21600.031182295003,-10423.931287610087,4368.482511839728,-3588.669321028328,-452.955053446779,504.91852547160454,2702.545742068678,2991.976069104688,-6842.413447222611,-882.375703052589,841.7978287797358,-1934.5778162780914,1115.5641687594486,-3734.511173137613,-4439.676762056801,-3528.2329181850373,-2222.5126787649306,-5265.9961349005835,-5510.889051460323
-1644.6059387344117,4732.489577676902,2761.351827413337,-9745.875693786436,16512.68616428976,-13766.185418404799,13669.856906238649,-11043.717490667468,7690.436422900701,1492.7829766436153,-5884.85105183884,-10020.862377524492,2522.5662616705185,-5377.950272976433,16877.96704682563,-20738.5054404639,19395.245203432187,-24602.445753586424,17129.43950869264,-9206.625878501423,12413.59085754076,1787.8499613204076,23824.58108586785,-41143.4485102497,12835.43002228299,6979.165993653747,-40487.95068239879,66138.40973158403,-17511.480624574942,-12963.898389986593,24484.527217451698,-43680.66837692396,2331.9384261741498,17654.180553281367,-12684.925140656345,29800.939173147097,-1102.4763522043677,-39894.30004632149,6055.213908968066,-3531.0848993004383,618.1500093929095,-1103.9680757929011,-2671.5755470078634,3399.1446164184927,1104.794977531904,-1849.381472760431,2247.288288635515,4450.873259506343,15011.810686223107,-4424.693327555628,-10901.22046553932,692.6464176977454,-5748.802640788628,-566.738636148638,-7326.6926695584325,447.4035664371741,1885.969493672065,-5347.3065429842345,-5404.458952191637,4043.378054158414
-3761.780958212418,424.0307048747619,-2135.359494827084,-2408.212735534247,462.4656471563899,-3864.2434834338574,-4294.774397662071,-5998.807872609189,-106496.1697847042,236696.78100402094,-100632.99495322673,-2134.5707370859604,6796.11823926678,-1313.93572358207,9136.757256389894,-8152.651299867107,-8096.72623347419,4680.0785459991175,-10393.236785830415,58389.9367947397,-56184.37671457437,-43173.30371897469,232655.81663600044,-12766.292939791361,-75184.73693763907,57607.69048406397,16257.333346223373,-63610.09724027155,52769.02602358596,172819.05123626004,31778.739939373285,-18218.284700711403,5684.533427616442,-19254.4626176965,-7979.67111830997,80646.43015750947,151527.3479592456,89024.3450181039,769.277175241937,-32567.738828144236,-4031.647530483031,7644.9700842191905,12960.22750806558,-478.83328007082093,-8165.431016695193,-11060.389272983484,4845.73713057114,17644.17887063906,106528.26197315425,205382.4368876543,98722.1695848259,25709.820008774786,6502.939559566843,3803.0545213268215,-2812.552798793524,290.43722037197153,-6514.084368368413,-5527.041386784773,-3850.625922847215,-10318.769984505894
-4346.36608613352,-1453.41103438841,-11650.382421035283,-7015.792759980503,-3560.6220297493996,-3287.6946734885755,2533.291327959116,-7916.489351691642,-134.17638344031832,9548.605207387702,18024.480283552028,-17976.18243322087,11523.636907008331,-21223.346707901685,476.73126122135943,-2529.5669144821636,11048.768067099512,8744.999341353552,-9152.013621569147,-8259.909884579942,-21962.954741071513,-7593.663942791411,-3390.812180232217,16960.464815478204,13796.136137734396,-10872.095180443052,23587.471106910405,-20575.310051695837,-33322.000744158424,21095.63014510728,14871.730047062756,15333.676298216924,11178.252971867174,-20419.792728997592,-6654.842299974658,-1485.3785138471637,-13080.959702679193,13746.220658674514,24874.28722206093,8335.803105127397,-72.19238955399305,-17271.688257736114,-7672.494977567351,7098.686244720836,11592.847381982763,4436.928800244123,-6499.567216628222,-5489.1558572487365,-29650.929867305047,-7041.142190595188,6310.159949828315,9986.142963934502,4701.353677297579,8671.576593480724,7986.593231544313,8862.948653787802,9356.037132063739,5329.787368024832,14000.75936778585,17209.21857258487
6054.711331833132,-6584.012788252349,9764.039278100465,-6077.445420812386,8666.363073981376,-4553.406356489777,2579.3376825438977,-2111.7877348371903,-1503.3415114642871,944.537828003392,4521.762617303296,-12471.416149299388,9624.321090963109,-7329.984257970038,9812.301632315111,-6551.61041035617,10247.267893124044,-10090.95328984709,1929.1141617237236,-5130.376453112845,9925.49612405468,-10872.576330607,4784.994924403312,-1279.5651233865158,2403.3837664627363,4004.0979454290155,-4499.350373824507,786.2316907948955,-924.6284400518239,4908.490784379121,-4875.718413079826,4769.898865756131,2385.6222893557438,-3559.306727010211,-59.890419204740844,-12086.998849271222,3295.4068653714453,-4828.056735079212,7595.114285129375,9787.660689108308,-7708.036656543602,4342.233097585053,-5831.031859185286,-769.4152073009988,6692.144967494798,-9228.937881541693,4864.874778055047,752.1139996583909,520.0679663951023,-3278.0303918977343,754.0671806463804,423.8043211106175,-1364.4869876683201,-4380.713525435855,-903.9765946901175,-1234.6123903115868,-1847.1039379157544,-1925.5785670658593,-2534.4520756602546,-5233.677628130021
2172.010415816927,1008.346047331368,-1193.8560939865833,-4844.106401034764,5158.359947968642,-3180.6854127947913,8060.575173225644,-14852.936662042894,10774.175580071265,-7502.624025320863,8879.720139575536,-9466.422508729576,12667.661588339846,-11046.843406958133,8736.392752756414,-265.7690558479661,1714.2960355049136,-2582.3995408863548,1152.5047130585895,5376.791493141398,-1754.6057308569705,-7823.737114184427,14022.848803272971,-6341.3288401572,22272.305757148642,-13610.984820129544,8674.41608716461,-12354.607063801133,31925.46916497434,-12473.73531891186,22497.21226236496,-30729.683671407933,22424.596013960865,-5933.903372240083,-4560.209674779879,4586.456539913631,7177.634940710192,-10361.056242274022,14280.92778330396,498.74768735768544,3433.045075171169,-823.9428994323391,-7313.070710832141,1498.6717260809994,-2241.14737884798,4159.738804249776,1578.8399200393624,2442.311307331586,-2826.3035646975027,1526.0934848168797,-932.7660961777999,3236.7004798941716,962.5327680426254,-1600.1101016645462,-420.51700732200936,4404.360727549284,1304.4473328574222,796.1049665102832,-172.8546293251436,-3644.6184146694122
-1788.1875716017298,-5016.33936005297,5795.89780479072,-2169.1626790254622,3926.273493180007,-9666.991355086446,372.092637677804,734.6554488105,2329.866842018637,1223.5527166068646,-5873.964119655444,10938.40142774078,-19022.908604996624,26513.10188491678,-30262.31761366796,34802.82840221634,-23930.322632413456,13886.748375371604,17762.14730906314,-16714.739555423017,21285.763734371947,-39710.88448202131,26820.65097157337,9720.241979336808,-2592.1613859932163,6391.966659002567,-34656.73104336968,3159.247275130132,35742.963629599726,16652.81278869391,-56308.332587747274,865.3101187021853,22436.361664426575,22673.830845064538,-17016.14016227102,-2353.236374617362,-21230.505752608486,24215.823432461453,8706.79013022595,8183.666657698939,-16391.094542774314,-13224.245902644849,-2403.6650633944355,-4026.99379593721,2709.119432318127,190.03705939717656,2975.1554896750795,-1267.9445433483706,2027.691870463652,-77.12584502740921,1541.6011986908486,-3516.478941560232,-221.2492194517894,1432.2585252891095,4451.870279303689,-1938.0640819551768,-3595.123865424609,-1743.8768104063286,-997.1741234577894,1069.631242749133
1090.2369476995639,11807.916713443446,-2399.109131584949,-517.9158129068361,-5096.21723119112,5485.574711128481,6013.70734392034,2253.5761030898107,-4573.395946829543,1947.4636872270034,761.4253663012778,914.9027726465387,-5860.336058219301,815.8921174238864,8383.644174664227,-3244.5416326094446,45103.35095370822,-60659.506103013395,-44465.0234135832,218803.60612146804,-36820.0440769422,-19290.515547681673,-12280.514273547047,-1107.182671956145,168827.1117649284,22043.45745666063,-46779.205722929924,-6509.021047501581,44467.95086849721,140667.9204611415,72874.25274294257,-51236.58095920516,-23956.72210174899,85681.01308268006,154508.07047533494,69506.85532451568,-23057.313766920797,-26326.089062003743,90145.9774793934,161280.6697209766,98786.29729341308,18733.963986839684,-31978.363635953778,-12683.802296869038,-5452.6876006273105,11103.286131863615,6064.539219006587,9403.412714385191,-312.88981132955394,9645.29936529426,-4412.150007049223,2971.273670242279,-10506.028723912155,-2555.358341089506,2546.8035650205866,5935.9280543291925,-3872.700705862161,-5730.29724379247,-2734.7584567086606,633.9796419299495
-770.9842096945388,4619.634959221001,-10398.84359080721,2975.5755154687913,-6378.661650593656,13358.153001108125,-11302.53904504869,-6516.382495254922,-12975.351661882836,6257.085204321485,-3894.2303693001522,5506.940387354819,-3095.133936629005,11115.176924450798,2559.121195925961,-2506.75301200077,-927.6955701546237,-24223.001421631037,712.5148877555666,-2087.7214493019164,25801.048137650163,9277.000127285624,-41573.313529694315,20557.59753320141,-13425.663543773233,2255.36257973577,52244.07300112588,-42333.96693124082,-27187.675766634555,32838.62982910436,9228.03398217216,6580.5727878854295,2836.2207385079423,-25811.854057455064,2762.626072764757,28995.78409628721,4223.47038954874,-5851.141888534656,-11396.936494443129,-5603.815430151523,6529.272015836668,20993.112588844568,8883.363807427364,-3980.1190553264028,-8436.000091215978,-14541.705943325296,-2177.8798260157646,-791.6740875792243,8554.844621215861,-443.44635427151616,9266.229432469534,3878.702564298288,-1289.7327838168724,-10890.318517489746,-8803.488976049885,-3752.8957883355965,-437.2780927649849,-12528.827966569988,-16633.348279566744,-16379.940900818056
-3465.980925367818,5159.7598030917525,-5006.728985103254,-881.6944277806479,2726.1444230096477,-2994.1922404225606,-58.546936454756974,-8982.065039182833,5664.133751284955,-4179.907019247304,11912.869285932273,-16122.129997644675,14234.759809928342,-14320.354536027067,13867.516870800482,-11105.436000580732,1874.8543934253476,438.53884523117017,-13518.63132046913,13592.376125088489,337.2687401315123,3825.5353538362433,-3949.8054897256043,-14907.35830785351,8040.051398360462,9442.392972080204,-198.42378054482424,1253.9232571092011,9703.97639664462,2339.98096161177,986.7188320631732,-725.9211149258642,-7417.409292866616,-4139.94363180643,6660.553350721602,1546.4261443384107,-2552.49494162052,416.07680612484376,4198.002533770317,-57.78733011551236,-2483.477039007249,5978.883533748923,-5848.0972409625465,12561.427863757859,-9697.213444355977,853.5064860146914,-6172.151815198344,-230.2607400015454,1027.9883514537332,2918.862494676234,4353.187633698778,3061.9516213390543,1600.0305152442006,-3578.1264303657294,-4335.5143186322875,-3873.0769730320785,383.92596197753204,-3823.5725266841996,-3378.128733818223,622.6428774323947
1654.2682509524375,-3196.890495762889,1018.66379590425,-2990.7075427152013,1867.7381243266727,-3535.2173125553772,3636.3954813234,-14191.560551774162,13899.940860688546,-3947.141420432964,3392.674855014078,-7953.183877905039,7735.213503540978,5120.286239193774,-12116.234417530331,18055.364706147717,-22693.362389695434,8018.088424988309,13253.42431482678,-16255.278692269036,24377.117409318605,-7395.547080810324,-7092.89001359238,14261.369236816357,-22960.004364232766,11816.917405625894,11350.417571057678,-13203.780272641196,9957.058217611844,5267.921210555322,-3780.449580391522,-6105.744339102736,2348.977095615006,-10349.03400520117,13612.995917561628,8406.47183336229,-6712.242056722959,11065.166150894382,-3952.962986002908,5943.246825546306,7919.904201139307,-4645.055701023702,10487.837164630557,-5815.429516320492,711.6405079652235,3180.6489707732185,641.7019925384038,5299.588486721794,-904.6242172887114,4565.529086815199,3534.5501988834117,2680.598256815259,1851.1707815997977,-4801.961623693265,-3649.686413056336,-1216.1692432938667,-1712.5465672409423,-2107.6964825794375,-703.2999572572902,-3588.7355218949083
13062.994857868505,-11306.55222221296,13985.714918186608,-13172.621168521599,20866.276025730705,-20828.69072982432,24420.174604278534,-24115.892210457903,25166.432404616804,-11728.611785499714,-755.8316713314434,-3811.8992372077837,-5808.591132561169,9778.558627866594,-13809.450446795752,7238.806602535519,3404.818736604364,-19547.029557578677,25815.292283984476,-17736.468226488258,-3885.2715323957464,38715.051524553346,-23187.13195589128,-17972.88629258786,31910.658453037177,-36863.52421171561,-8787.740610722598,53551.20595746749,-17817.753487720973,-7588.550145303568,26573.12084920054,-33964.32159041097,-21479.189461905047,32103.395036779897,838.6158946508112,7897.345072197821,16104.71424985162,-25506.799877474103,2671.9299523137356,-3565.6553871121314,-6152.67427431208,4889.535437079031,-860.8093744169545,646.8063889875805,1668.1334506435737,2311.786356279051,957.3307377450883,8649.853993014802,8915.524391388304,-1224.6034784994847,-4524.392326901114,-829.2763901856929,-6918.80472321462,-2162.2898170522253,-3810.4477886497903,-2953.5450987669005,-3262.546682443046,-140.3997337742892,-3212.0344247730154,-2439.053101979423
-6668.639910227803,-4192.292256386794,-3063.839380988224,-8767.253694971563,5327.976849602274,-14336.752382251772,8135.569959199682,-23425.45359343044,-98170.48491936497,239434.449818753,-80750.82120161335,-28686.32903907648,26930.69261471291,-17140.552096076062,6939.109171598746,-9227.094017252417,-1386.484835557551,-1403.7802711929821,7263.736099404852,41293.183629217296,-81759.03340022001,-5021.348135061702,202605.82960009153,7700.518079209336,-97721.24472476047,62849.788828779376,20221.581773118825,-73758.38652118269,67895.43718100304,155073.7416464809,41470.0252726986,-8259.476968591658,-8168.822707674344,-31764.32980178464,9596.722823169717,91963.85807389677,128839.73201931329,84799.45150271096,7643.28285777088,-18168.20318836535,-6846.951507468785,-98.61912000998757,4942.898152454749,-2142.2706800472065,-3991.431475267403,-6385.319375341009,2187.0253925151465,25729.733009098913,106880.51672141817,178418.25860307226,101878.24442705847,28417.64526961799,9817.50384282155,3545.4577013710705,-3823.772186793262,2769.0553406085382,550.6732698030613,2750.8629364839317,-945.7649617755003,1141.2707829902686
9661.281434395058,-4259.938968394901,6293.098409385679,891.5933877127371,5196.986785285821,7211.084898611048,-4763.851207368167,4449.812330221227,-6144.465682649903,-9569.610430628927,33986.93036210662,-30969.813352845456,18603.85075126138,-4861.267918245538,-12169.763707982851,22154.73178431045,-13863.021403055402,11215.345936386399,-5798.4684764795475,-9973.880245502036,8574.978571472619,-3891.502784958453,-23578.87508280597,26172.271083654014,39219.08506267208,-19535.243654693157,-8458.773270379572,13388.220218005335,-27617.717270421268,-7875.267627410017,31304.537039792474,19023.511676770962,-7401.993736218526,-16320.2588868171,-18348.91983149644,-11629.719882276893,8531.952614512773,17486.955690618946,13355.795030404268,9116.329181899133,10757.660254756294,-2948.457944240716,-11432.76526781997,-9228.078238786735,2059.0024312257738,6568.126892454327,4483.703812807955,2946.7653211186544,-5453.927205451634,-10449.561314000484,6111.709404109204,5809.96506347175,3775.6211930442605,3688.199885591597,1966.024680330075,7262.092766712083,9540.95050207418,11313.216355581488,7620.4271768599665,5437.405580657502
-5155.858186694029,115.87341867204486,-6846.669704262007,1440.3752307074083,-2510.903087430586,-2966.4991622943694,-76.41362568331832,-2601.194101696252,-4545.694446700624,4376.797351612899,11766.469572706226,-8583.495395781429,9616.826064311783,-1638.2831162096477,-9655.622410687332,8997.51115264996,-9125.611553070108,6582.13560688037,9093.26503444782,-1623.724377936169,-6258.717228361811,9055.42638485055,-10770.031777527085,11295.938945559097,2977.906515070612,-8815.192578510309,-4628.066993494411,2432.3395879758464,6756.71684500566,1853.8190753449019,-6356.073458804396,5572.48325718428,6149.912826014093,-6658.35953770152,-11073.936734775389,9312.70418322584,5298.774658489312,6937.203981180968,-2079.4490521020825,-1955.0606917210139,4570.889235965559,3580.1735481180012,-3146.2913176588695,-3514.5135423286324,-6778.727650494343,1470.5009359308322,-3911.150052497113,364.4690927083577,8440.685366774062,608.5934439466599,574.9874972111602,2539.138994566056,6667.685436111611,1846.6595205074386,714.8115435575872,-3532.7392469241067,-2459.5791114712333,493.0998225319475,-962.0530957659009,-3993.475366776
1271.2870976993183,-210.8692859989063,-3402.7140914168613,1601.9668837007057,-785.10243127575,5733.0675319158245,-9699.915322682942,8619.374092244138,-10831.333012537541,9958.140050621245,573.142956792306,-4250.133193485851,2456.4883525316727,-1795.4026525616603,-4846.619204595795,11344.772255110453,-7154.598710154447,-5952.705675499532,19899.20270726094,-8927.011175551113,-6926.598575647171,7913.610795365151,-13298.783017256406,5923.313996730965,9323.975368304265,-1570.4533377758137,-20454.26009493405,17457.53787770089,-4688.995495055018,1153.662739872002,-19194.772137834516,14192.64599534548,1022.5515079973841,6531.77084735094,-8956.822288085015,-9772.828911033072,6644.763452176714,-339.6269886922847,-1548.2696598963319,532.7405286027811,1227.9943596035782,-4744.509352073773,3993.5028532609385,-5384.942028792879,-2911.1062807722174,1330.3926118118356,-183.49009109142776,-2875.5372009041553,-1122.5265856689352,510.3885494661961,553.6930542184256,4512.183614815105,3136.5483576136958,131.4119264878766,1070.3266007554273,1336.1824467807098,1346.9967105513508,2581.012389763436,-290.04963678127535,446.470782488845
1237.909051564165,-2942.729883746316,5684.856335159483,-3255.7609913971737,699.9238243807151,-4733.150162133755,4211.364055423042,-3119.8499254748513,3464.756143673999,-5303.081211630473,4824.602316644466,-8535.180604169998,7096.792362250193,3605.365284660227,-13957.025554559952,28145.254423225753,-35464.05064052796,25006.47816849063,16966.575045986414,-5608.255230728584,-12964.807698690427,-5421.76739464347,9262.32709466589,5906.484971017499,13499.126867631641,4583.261733741814,-37197.099667309296,1826.345267320963,54039.210079156524,-1571.2070838192017,-34521.400337910716,-19103.99548893431,45091.7931001934,8963.119337458598,-3077.1615994420636,-21072.675500168945,-513.9375713965204,9979.577149741403,2129.6884087279427,11800.8082246729,-8882.060116478717,-12128.208979265259,-5695.33393420504,606.1326459405307,715.8218780565261,1948.3547742624955,-365.02212327829966,-360.5080044972399,-1870.3707694732825,320.3469846136704,-813.7429732250108,-3385.430584404289,285.3369700401535,1776.1543555172052,3647.8841714139685,287.19081820971,1759.8995749362452,2006.1861391917564,2363.064518053004,2860.952710030116
-1.8781290817183276,7193.663512428598,-1722.8122705191204,78.44757049115532,1275.2607657728377,2263.7460815419176,3214.1031089142775,4257.858130687322,-3403.1067728524463,4310.705572466059,-5049.44070647164,3005.362892585154,652.8215056360558,6973.506035835739,-425.1885883362902,5162.878173821568,37335.903644869606,-75786.99181829512,2161.0582276439154,173621.86330786612,25309.333208363743,-53964.81575529316,-29318.34204742686,39028.29311920749,143645.96898195666,58688.49246999732,-59935.29047318339,-34837.2098794308,82358.3170069685,148481.54780400774,63516.31587760022,-47212.167639965104,-21703.05992703899,102114.7505969839,157119.96709064397,67164.37290123547,-23480.624750765266,-7451.837584578042,87902.12885273829,152549.3832301976,109568.24159620244,22301.963562359764,-20333.065642418736,-20157.055178309136,-10054.121711277423,2622.3261373133437,4690.283022245477,8261.403561085277,5935.158310881556,9975.64685105558,491.37398397682364,-608.0882270318543,-8539.59689775989,-4484.794615929377,1872.898207522756,3150.540243249692,-2531.865203630838,-6673.090426174622,-7607.659097737736,-4967.555782495449
-326.37750665264093,-5056.439033853523,-6347.762333999446,-4941.313981464073,1034.765447862688,-4606.838463939103,-1067.43478547743,-7416.020572558854,-881.8310349388129,-1208.6928445524104,5789.708780924415,5625.859717854431,11024.721597107293,-8397.125860065422,-3439.174976132841,-9928.12250140942,-2857.457075764293,-696.375901020569,-13493.095133902056,-10189.340067391448,35777.47622509836,19864.043204658374,-43308.833775788175,-9250.96089727125,16313.33016950133,6896.736711446304,24362.68165861395,-6708.658802612879,-31691.301306696136,14496.580669435541,33596.78954564753,-2270.2785653755636,-16577.82608125368,-6419.7673679042,4206.232664265393,14069.705346798499,12047.39377569895,-1282.2425102943323,-15079.789015816928,-12414.346425441718,9603.962591646678,24383.097747609725,13112.02708566422,-2088.986545923721,-4641.719946390239,-11180.419967140593,-11089.702475789461,-8634.229698894824,275.94285734575305,6233.875732186021,11677.109412137705,5413.717145529337,4033.840936059649,-4002.3572895652496,-1668.685535683763,203.15890338633426,964.5066657557538,-1929.0797998505236,-4071.4055378089042,-5532.965517455007
340.82624482645133,-2483.4385423496583,3222.7647206882575,-5982.365696768175,8436.13595369706,-9326.578817571415,6924.952711474531,-3453.832304006699,1324.1809965180903,8238.616797643976,-8117.455436260365,8290.037605868516,-7804.998900090459,3269.0887364552673,-9130.229250647555,9217.17987904214,-5627.556214033814,39.32816849155478,1144.8387060751197,-7364.824085797731,8936.758248926206,3338.6587320541644,-8522.4275503785,-3833.9464609324004,-4500.876323938078,7207.130799910143,4319.720192714719,-7902.070277985769,-2711.0627270692553,3054.5089142421916,-1010.009974459354,573.3982273757524,-2168.7734358588746,-8714.55655848703,-1497.6388269886274,10696.31927494676,6272.66518105612,-4124.853182619007,-6817.186641560948,-3706.9482521475793,1984.8386801145093,3436.2614611672943,8221.300162298141,3187.8740784497995,253.6503939867028,1928.366383884539,-3579.0259092008,-3526.427539890024,-3724.2686419014362,-1866.6005749430328,1041.378771194547,5895.083070184528,1795.0352341388657,4535.276614670323,1844.7132059543069,4138.470841218061,2952.165406116873,2499.238115178622,1827.0522186749258,1478.858246556934
-6218.937150746307,6514.054759250246,-6056.7765184033615,4746.623411157454,-6313.425425639837,6637.282554331898,-6507.783544378244,2055.4680900714675,-1276.8390832334508,12875.041109021042,-10759.245688521012,-6752.836031762146,13067.34802702209,-14388.50879648708,13507.740514899551,-9575.234305847578,-2366.790474928198,2461.0052156057786,-13789.378773340088,7295.7548392920235,1759.876568145986,8391.371266750193,6679.8984854111195,-25313.267704339632,10956.32539124235,1280.1658024827966,-10424.019582432498,550.455464852593,-1345.3728756009768,829.1662811671079,-13797.009156563434,5152.1469727264575,-954.5936813558501,1924.50479630747,1181.4048980940183,-2896.560638025816,2710.8974517214556,-1259.3990392965745,-3052.841872593079,-13122.228487795619,-11197.045003504441,1246.5919160989138,3331.4771761041816,6812.124214667871,4198.0014445111065,3088.1750758218614,193.22837473989512,-6980.81046037207,-3004.243818167766,-3329.5649006855997,3211.369177254287,4644.160031060537,4067.1037635621487,4316.67536838192,3085.3088977824423,1114.7229259840806,3465.095658527871,5094.581153667246,2756.841384555404,3068.9615943985937
-1291.4652965940465,2791.996913543654,-4277.5366658969915,7514.824223777338,-4242.951839902689,-1801.8426583348255,12895.612290750229,-20970.01710351106,40042.00078146333,-18897.09103105855,-7327.435917991604,233.96198197159583,3964.8226624337094,-1970.3828328700552,-12147.451263440093,22016.607778561916,-24238.703384344328,8619.833364838041,19546.719271258804,-35890.092285902,32245.22690977894,25237.212537601114,-34888.866055635335,5190.266235568879,266.65176678351713,-26078.407505896794,10539.358557348729,19592.339196497618,1950.974553675525,4259.96652459035,5203.223440571858,-30190.701285658062,-4736.635112076647,11285.327850680182,18022.8661505595,5845.53193293292,-8990.150862821021,1611.973947433149,-1297.0884948157618,-4378.506670398918,-5750.211884063558,-6488.632221995252,4056.2968490837534,3129.042112858514,4871.566429769896,9350.005934363677,7778.958831773167,5756.444485927897,-792.2629152414715,-4638.053972741263,481.73900360489364,6405.724055710984,-1570.5352474058568,-2702.138769353466,760.9847943585108,519.419604717637,-875.4290768531644,-4408.918025708989,-1393.8944423376702,-711.5914948258442
-2008.688048453264,-2210.6522067889828,-496.08525097042707,-6969.418925585268,6245.928937354134,-19658.3602929323,21903.35118045042,-50688.43356935389,-54335.49979266892,200812.10605304068,-38289.8298124103,-57157.49158871117,31647.560979439073,-14545.152318061348,-1062.2226383227771,1548.917152010111,2060.872442898114,-7645.375228385651,20406.30752648404,14750.996303891014,-73352.75467958703,27763.231575026915,164201.42232559496,20195.962039161306,-61013.18758141882,28986.16106325659,9524.801685882881,-37983.33563638795,57490.22700572046,141329.3903072341,72986.95032385526,-5795.096534957803,-33695.63099619833,-27357.513395857663,19244.22141093035,94773.08043836876,126504.31678182395,80920.66411923022,25186.223367264043,-9359.6502779799,-13461.710004070394,-5489.397246440488,-2959.3985701117394,-2153.528394129572,422.9832158402633,5825.577365158772,10991.69454963214,36081.97697258888,106130.35308081507,163106.94781917759,107395.46860305089,37629.63421667188,18409.921713427793,8328.36166181394,3862.362855240966,997.5701646154344,2814.4811399002992,3505.4451006387953,4725.521109005494,4426.394972344505
889.7014562082366,1223.9809568715998,1553.4570811812696,2461.96959655892,3626.2656080003226,1839.182908924931,394.4557843194616,5621.576612617199,-11892.872421608743,-21291.27463195971,42366.150835903485,-11029.70967453366,-10076.372136964183,24332.605211493625,-26726.613407652978,18402.271445160462,-876.3083075131002,-9504.191090146138,10550.626768570877,-5469.107110466737,1044.5324898019437,-4150.077967430534,-22582.01439738561,10304.014657992848,34721.60160876455,-9508.795525267271,-21515.43749471979,8155.937219388473,-6150.535801242111,-19669.35224751076,13107.711582161539,31776.560368682814,4920.595527166596,-20905.97256536087,-23803.333234602767,-7812.996864903815,8077.767352627703,4801.726745856406,1587.3667630976897,6570.9024036298715,8000.421050376956,3113.3759129705822,-5158.792938042423,-10756.65452804934,-7206.08509314157,-1100.9360757426882,1697.5447142594385,6131.802412271974,-962.9058334310196,-2497.644713668653,1617.4285998521582,6764.841005327588,5579.482056535593,652.467918811254,-755.3862682331951,-1920.1897289969916,-103.59471316564711,1866.3546354611176,607.8201833692824,-3055.89935397971
-109.08411185235909,-522.8836045237312,-182.29321720693042,5.713380090601362,-53.94477984492436,-939.4986825226446,1056.5704772944935,-1013.8983924783508,-4929.689960123935,2980.044155593687,8519.349807214978,-1886.7519003560274,-4629.753551324319,2641.3336129294007,-3693.2749415024873,-7216.118452501362,9919.523083806098,-3442.5031544452972,-3603.835298620957,12586.297711474417,-17241.667923305795,-11395.119823165427,12482.882958605911,-1415.2101080422094,-5005.432259246799,6783.28464500959,1442.3283525840768,-7982.033732804977,-7265.050564693919,-1231.148603533186,2869.210728475166,5498.891138525496,7952.4975035767975,2203.3198984340106,-5635.535960009782,-9167.399714655065,-2875.744392283378,59.313925854263175,-1119.8685636272214,-2276.0683063042025,-4840.190572572256,-1210.1761296778586,3407.406524045388,2927.4753002076136,1437.9631679341362,30.89664345417708,-1446.8093597566824,-2962.44661412616,-6111.7448620808145,383.68061653896086,-3211.6063917485358,-1479.4920322632352,4969.827655238574,3026.2473430118744,2788.23971646108,4903.80637245633,3454.708564962718,2857.1254304772983,6047.48902701794,5038.200112673838
97.60206557757296,176.0463430435737,615.9499802568298,629.5180028877414,52.12457427810614,357.066637683494,-456.9528570416932,373.5931391287077,-664.1288076949196,-1412.914134523354,904.4633860517591,-292.58807521141154,-961.7932822725845,1359.458173714893,185.23988910778837,-474.42087711511266,1541.610643971579,-982.1661404243696,-2902.1884494377,2295.0795443178786,3812.1948145690653,-4573.414800986507,-4382.989837166575,6401.2070438162355,2451.529202157883,-5532.836921343013,3540.330295688149,2342.808817241702,-8431.04131476837,-4379.083553050696,6022.2378250565225,1049.887553155619,-3922.8585473378357,2196.047621594386,2149.8118961943505,-3062.0675949861943,-1458.3883002419825,-675.3335078165389,-427.5925534103507,2606.517885166015,79.19140382305568,-1510.8827132483457,581.5090298632542,-1485.2303138055563,1090.725868997423,724.6022175449981,726.6650321041149,1720.0890683985467,-2660.020562673344,-2374.219306810121,-3221.6029684087575,-3161.7076894343236,-2536.3093832563627,-1579.1779598489816,-1826.1365849594035,-585.6055749342053,638.039794246055,-1748.5267703858779,-369.3512119476567,-43.58445599439735
-289.3966321815797,-23.1805760992251,-669.7020364422458,268.2805633283062,-1110.9791157383954,-124.9737761183531,-181.57400177538852,-3351.026209691083,555.8905470193974,-188.9136172860874,-281.2551720182021,133.49074375083086,-823.7899619694042,-308.8371554219405,-142.46315650040333,-176.50081335506076,781.184562499525,466.2024351170094,-445.75193801696065,152.52643718001607,672.723026459446,-481.3032155752555,-1029.3913031441614,-136.37130676227966,-125.79939815267686,-702.8705592864242,-169.38786680362492,617.4602815201062,-115.09108855683311,-1737.491124656036,-1259.3797167637415,1731.6117717441339,1418.931112327337,-2351.162183596651,-2068.1092739377773,7.396715941887308,1905.6057164512313,2393.890050544534,-2867.680177501315,-2524.9955621280465,-401.40544215868766,1704.2428356836233,3992.9878086384897,-415.85705039487766,-285.26451841503484,-3594.81476477604,-1577.9990378899963,-1713.9999584992838,-1970.7830869693462,-940.7512100771702,-3770.0167798920756,-725.1581617913512,-1268.2740103468213,250.61387412171769,-431.48549966460604,211.2709633232075,79.07242203170759,93.74578459994464,274.8949308655844,60.71026642984546
27.176913187411724,-38.171102679890005,-208.13968341405194,-141.36000056339066,21.255493732128365,-790.6930423583201,578.6331541104003,223.41109670145036,-1672.5952998248404,2945.217850062738,1301.1213773975815,-269.5587583538673,1196.3879333718105,481.06282593045364,1015.1712218649723,805.3590352235954,158.79519887665407,56.878059103330735,172.74444989063568,470.9766687308722,560.6907394013481,153.3468692060404,-16.61057939760525,183.8967327037276,131.85676461581423,-70.79375360362069,50.6423998099573,419.24771714589343,310.0857444873438,-228.94078771479357,-441.25346229181923,169.5090539941788,767.0862971137317,366.1725091934944,-660.1790159573968,-734.6470970585726,398.6014154999317,1589.3205085035447,1291.8933702619547,-411.5227958749364,-1642.2721026661106,-1081.7901056983158,449.3571855297513,1321.4924910497296,2538.7246688200285,1342.5605696105054,1668.2402367533243,-1602.8657071748457,-1844.2273693373481,-2282.5787459339913,-1326.5236404674388,455.0845309293878,-679.4787203108555,-348.65645888020623,614.4448138990216,800.829340966108,924.4023409404714,759.3781908360586,542.8535908883871,468.0606501643005
-35.4234689334858,75.36824575946169,118.83596924524379,159.0877984894484,282.49957217668515,239.54465416802242,316.6263617952409,446.9950055328603,-248.20673024441047,-224.4940030960141,568.0993967912176,-66.46091421752799,-241.6865959840867,209.25771882213678,-628.8575846396011,-17.637360830247218,53.98867558614851,-366.84943668045804,257.6366434398891,-80.78827795190121,-266.7693609196482,75.57282612456002,-163.4313043160194,-276.11071325379,-21.370769112844897,-50.767915405801205,-111.85810170307678,42.74308889603297,32.043844716216434,-108.34002963682565,-157.94596449687592,-82.90778392731664,-17.497170931147892,99.52124224822067,-37.86181897835136,-330.4759826843939,54.79205560793656,371.2298195960767,29.669425805603243,35.637678420878366,-45.762830571152364,-627.4197333582165,-277.8594049983915,17.37114398977942,-33.83632906396465,588.7674403745498,579.0562548843666,583.870784370078,141.2998629148218,-101.3902958799915,-522.9457910450592,-576.3622855407607,-509.69342994513556,-610.5904121066376,-428.0940447283732,-376.3588435973594,-199.1616130997583,-230.61337249780243,-208.52562444438774,-321.6048528244655
-13.171440997160026,-6.488475501828568,-24.218583869248747,-5.684779444590193,24.093413273458236,-1.2773498973447452,11.894618641811501,-2.0336116379987703,-94.5761261422443,-104.89664565491296,30.290475709537116,-58.83534113626352,-139.87812848438585,18.877360113015683,-93.92912087363105,-127.10671605133612,66.61920136482706,-78.07614339291992,-102.25746736943695,144.28797774485835,-46.83788156717407,-263.4287963933658,116.3016335537467,85.93769844222302,-156.4647538471439,40.40586903612085,72.33520135050219,-174.6062493844056,1.36696268764765,119.15449556241337,-138.95799897604144,-128.99209504415043,128.9913108627596,-14.850805015164028,-109.14963764476826,62.26568320983438,-50.06156528787549,-83.69600266196241,138.60772834276005,72.24867708277891,-57.28132584421466,-97.75662500153335,-182.1498627556706,-115.03044855696338,-23.987850326013934,69.3471119277748,163.39046890138974,170.25797762426532,191.05919900971958,4.697124445890925,-27.537600064411265,-74.21683387929752,-171.0209900454705,-219.83968645014383,-212.71594574549474,-183.26473567194793,-170.94404881403665,-61.655601369502044,-61.91492904499754,-41.37454058136993
-13.764541759841991,-1.5836443306318524,1.2527101581497582,-5.62120212588388,-21.74197280009748,-28.99597617769884,5.3254381144805825,14.598414632070282,-2.8314668144653132,-76.84453551657104,-72.04753628576415,-42.218641814608674,-98.59789528614856,54.78724992063626,21.438952781475766,33.77838301921623,74.9172138080652,5.081884876557155,-74.01865220643126,-66.41025112394495,43.14890812356383,10.646190949661685,40.60066443685312,45.407058905090864,-67.96153652307606,-87.62547065493618,31.71427797619078,118.3429160217448,-46.240959763647915,-136.71108784132596,34.43166354039026,102.18492271697339,2.241142637108375,-82.46904235805606,-61.37175611243364,79.57966548738074,66.18112148079751,-30.02387325286116,-28.391551426795598,-66.09494950873824,40.18273496124561,27.04584861503399,6.682219953769351,19.371244371091233,-26.70800343950194,12.728359759997119,-23.374658236036307,-4.376773252283423,53.469350021294815,73.48328178357744,54.01700383328202,24.579197237282813,-44.417394620973994,-23.437134933761904,38.72985193259705,42.28776724819653,-12.743695758025453,38.71362362900857,35.14206114872912,30.07073765929978
12.766046892800421,7.281808155176863,9.554185616862606,3.707659145468165,-6.92700359355454,3.875878969124346,26.603648842539265,62.91298236619322,113.7351772366099,1.1518641422240457,8.925182987987341,82.33175779249288,31.295245699262676,37.91407971057047,-9.669247247699957,-29.47989223553241,-30.444800053674417,5.243144518115846,1.2115354734006059,25.565540237849863,26.733876212211168,-9.190606083998938,-12.727220825401748,3.2426082490032226,29.303426015767318,-1.298017281247829,-15.302980001983393,19.854476019546265,22.628047827839396,-15.401924540626064,-31.304662449715384,4.114307024337002,45.89739290915465,27.359842830389532,-39.92779585352103,-45.9203966438266,17.217574140208413,32.075180625624355,57.28047823942053,-2.761997494390424,-57.956389839629054,-58.53899356147289,-5.772178620184365,52.769527431294144,52.68448755725996,90.92927766050276,-40.219859452337545,14.454859077524077,-103.01700510291765,-48.577054250573646,-69.57984774063608,-67.60998825928507,-26.257009498994975,-26.06696353158778,-16.989983930081628,-35.3174057242068,-17.03680330755592,-28.793949213003607,-29.326610591141808,-52.35597823433431
-1.1880397283412003,-1.0910022556639039,1.8798400084354199,4.132622627765796,1.282015494749324,6.781594594568286,7.045786262320734,-6.608242771675854,-20.676234725326132,-12.673661130899198,-5.3873182131184345,-1.8858895039924264,-11.19258577823427,-14.553231777734656,-13.058545257040006,-2.6674633331586133,-2.628754697855894,-0.9811535758689611,-2.6205829367481877,1.4524733226038529,-5.740171395419297,-1.7389936595470925,-4.481119543376625,0.864218245763549,2.3631142006936927,-4.3769140063005,-4.448627373509594,-0.23350134425154978,6.51962311219066,-1.7401512365827072,-13.582609268557439,-4.5038580796524625,7.718591617198783,3.9405130521438103,-4.7873456419106155,-8.949384475825557,-16.43564201170516,-7.073303362083498,22.322608878595076,19.845629720305265,-1.7111005655365603,-19.390253836960724,-28.151252816002135,-21.29363334389698,-2.476418920526464,10.412822683183416,37.31646814747475,30.769060498238225,31.52184528882992,8.647679427449484,10.430063075015696,13.386562033920859,4.936697203273507,-8.932422718883846,-27.66096645475723,-16.92731753232851,-20.564723100755785,-15.098361310224783,-13.169361609231991,-12.13590755480284
