2808.847782242615,-1579.476935771225,262.4389772030075,248.9063173474321,-334.5743165665803,282.19168707935114,-473.0663723049712,-201.75872910293546,-92.17499669644843,-503.93289072528916,126.69510021667219,-114.57194720888813,-161.32700211825957,624.0959463319004,366.87581840014457,729.2677199290563,192.8572622383707,138.40150154852427,-130.26218014016,-113.63493762641656,-12.717414047064068,-53.862419774043076,-336.3198971360891,162.33257905113123,-110.89266356538255,-28.544745199500113,58.241401025964194,53.632978572021216,-167.85656466778642,62.664142388208674,244.19904739752582,-27.58003408207965,140.6254680305335,4.784099075541292,84.4085966950442,92.05160271524542,166.3325291801278,-343.40291198754915,107.08969239193232,180.0830420931378,62.609330477678114,28.929910814499152,-175.87709665937433,125.7208278953344,206.71671329646696,97.07350997500197,113.76176003198532,-244.6756711635791,-65.35533199910532,352.7439559411226,-501.42236006354426,374.3042611062826,-402.13890539509634,-155.33265126153873,356.6289553007289,-877.2132443756083,813.2609536006594,690.2563239405339,-2118.0052457391985,2738.198628866932
1.2022538259916757,2514.313605256988,-2614.7395409836813,713.6405994532744,-230.45821829705636,-390.9752079300801,-190.06063415688118,129.85262279881152,-724.9520650671989,-18.85568873119317,395.12476659453154,-698.7134967599102,878.8535475577144,103.2480291364061,1085.818028701112,650.4994516890088,362.32091611890144,146.8111409921793,-490.76755659204144,227.0986289787613,-263.8127709236336,-49.05772180550929,-110.85104691638901,-266.3546340603735,16.33256697888409,-71.33453719819838,6.921644706409751,267.5226079869784,-318.68689816611044,33.21843137741084,83.8148677070259,21.869443017717572,344.30610805040504,-91.88029943731405,192.10474780549555,85.34406172408112,-3.4381261516442123,284.51165445739196,-50.14710730326912,-263.53629299112146,159.19482177756652,18.029522906104845,-47.599866959474696,8.452326379739281,158.15415632508189,268.8546996839569,-8.430361168941886,352.1936969338682,-578.562800144734,149.16486947628775,357.494320276538,-700.5404293989318,160.7378316042258,-184.40598161663064,131.45031715738037,-121.95545754973702,124.13990959612033,-370.5794740675153,1971.645927096891,272.67536450588574
5839.54663283602,136.70432262839736,-5009.319979894336,1911.44033680592,143.29320667531837,-887.6111448084553,789.020027152864,-555.4333633168235,-809.6952688319342,662.2124323267836,-1482.9713437849218,29.391656762910998,-602.49482229146,-1558.8895893398771,-1319.886765324431,-1759.5934094435388,-327.5535840639409,-628.4306596696763,13.998225822024665,-52.63223865241556,15.230059999924976,258.31954385308694,426.9884356248555,528.9305351762661,622.1816425470091,217.92387900117606,-244.70144821174188,-7.6966835216690015,-708.9058094195384,125.00520686172007,-453.85083693176614,83.83688449699315,-464.937187862426,-610.9449255446617,-410.21698985225447,-484.8079162359486,-60.55399573146417,-88.27101366756995,-264.22553091013975,138.48267287895465,-768.9098623562609,157.87191948663053,-195.96328722169994,-190.9830720632035,-257.59971957022367,-318.89888224640197,170.49765746017968,-562.6511519419942,688.926886692638,-860.0113496343649,533.4817850071655,4.7096737857482935,-233.31925629535397,421.7462759653411,-733.6272416575925,415.6333949019011,2135.553529728508,-3817.1342155926823,1149.9756948665342,4742.130722637004
421.70637762254756,-11302.372189651305,-131.01462003573715,5159.634033290902,-5893.532198462246,1433.6509787560606,1574.662996361844,-1954.4387229798056,2734.4300823957947,-458.0295882229327,-471.955725702991,1475.8164824001499,-1958.6458004604658,1837.3925749352734,-398.7339971383735,741.009283971933,330.662607329062,-419.3372298951937,609.7839604444321,-294.4236013783426,468.72040551803434,-381.6717075116279,787.803245404412,-1038.922761164539,876.6089897717691,-1090.4603929554662,736.9095945796353,-621.2962654771854,-111.41423724478594,225.11001622841889,-639.574467559383,706.4116697647227,-118.24054001960147,234.60847016209703,-481.37840376383247,-123.5870250498566,-611.3111676386156,961.3179149019186,-289.7972241357356,384.87834079264945,48.17252922840055,-753.5170986527735,846.3444142997704,-524.6329834276132,386.7319246838429,-329.38079415228935,693.0298918326401,-264.6714979203038,107.90074839386067,179.91135572581433,-187.41972482449387,1628.2407988265884,-1433.2197799659393,1666.0357882193882,-612.9203059605659,-2493.2207569206184,3734.0713204674016,1067.59602215548,-5900.071679635595,4452.335856791989
-3007.4356800485866,2416.965849681102,-212.62101840457615,1017.5839623208097,-2280.667294548487,3347.1577048627123,-3338.2120855564535,-628.9495087702603,-504.9379521953724,-2927.150992516954,216.6173848680487,-178.47404492392292,-871.248056212826,858.5533537790964,-1845.8300064951013,811.6366493665923,-890.4112957347883,766.0567425791506,33.384038683679705,57.1557689079716,-22.109389584292913,61.634907411090296,85.22795615218492,44.72174440391154,-488.1738879113608,747.6559214063753,-855.5602261692138,1185.5059403730004,-786.5470788195069,1228.791811075117,-938.3886931889717,103.9041940687969,-155.73888547937446,818.4315715808824,-84.62061377187251,416.60546860129705,-1141.2468594677066,296.8659664141216,1055.9620428618346,-1670.8495067115864,2048.7877773555833,-1628.3681396444645,80.93520876886473,494.42549736601813,-353.88290822038994,299.90276164290987,271.8415448428948,-957.7546327202599,-398.0396921538272,1027.411295013179,-3384.906448574341,2358.3395579966,-2956.091145488861,-485.59822787863163,575.7256157118541,-1406.6879376001284,1659.3903671242238,-1250.64713880624,3609.2990961812548,-5188.401127193531
7331.203179288392,-4041.818646823669,4089.63274236552,-4044.663673019676,1750.4520885710774,619.0683611791419,-1691.6465556453638,2979.048875994033,-2637.385481847522,1419.1464263190744,2003.90871969025,-2795.8508954634817,1493.1613270295743,-173.1167423506771,-425.42238240389594,-398.64830447937857,-40.064380209451194,-67.11955230242185,575.2672755581966,-628.5174499259863,721.7214787073135,-155.77470573022492,-623.5310379945472,906.7794741080129,-1448.021637391142,1562.9449419290306,-1574.888769300286,1446.2158715608625,144.18788859763836,1139.8877832147632,-923.1101823447314,-750.139649763403,-1130.718197164762,2677.6663708191877,-1494.7920273389132,1708.5472392576132,-2120.246945465383,-1942.2351369587495,2845.579784668265,963.0223091868952,-3210.6536108440073,1846.4731911757967,-1152.936647617838,523.0552791694621,-781.2515096293687,1232.8026817669895,-1823.4241381139575,2724.307206089427,-3717.592382982296,2949.8967953264514,92.82006595023779,-1510.2682475698016,3134.533007219326,-3854.587660236883,3964.63225916945,-3680.7015789273773,2309.5836042379633,-96.36898394379386,-221.95865879501372,5468.8202879185
938.7352996281606,13.980951769106127,-359.6931734316752,-980.697479621035,-981.0801883015599,-414.15477886423906,703.5291425288866,-539.6142649367305,-1057.5216777221756,1204.509846307115,-239.14908138475823,-1197.8001595352005,5065.425618131753,-10385.51331325112,13366.184997118906,-13791.216041431644,14596.766433463905,-13286.23864445017,12012.455057676834,-12264.924520948152,11752.509752617667,-11022.507045080798,9826.927731276945,-8350.499004684343,7652.8145655271655,-7639.383389719591,7026.954037528876,-8824.570147002876,13980.125832275155,-9675.442393720272,9207.869273798102,-9251.514646845633,5480.699725891374,1158.9066798631484,734.8461416311986,-3275.453638074269,-523.498272824975,2077.4795426462124,-1505.216161887665,4333.460775705464,-5451.89306984582,5339.736733965783,-7476.131776437292,8263.469717040483,-8423.048541092063,8695.954973670452,-8131.932310837238,7866.093866105357,-6822.966197872277,3870.274173289806,-2459.35575373506,2860.7744709708736,-958.0534216663202,1479.6447274833956,-2768.7954710000877,1582.792682792252,334.0149677263053,-133.32376957710773,-325.72499366179625,871.894340768769
10013.359409413673,-6072.747900668209,-1858.3457789668478,4987.152064883475,-3856.408569400318,-540.37179474303,702.286911115284,-1779.9026207936477,1600.143623189691,590.9966836073952,-2846.406831880627,2367.185636923979,-1400.20319840297,698.7364782866437,-1549.0941541191783,-25.278210388979147,2029.3757536944167,-5394.9470273889365,10542.955604668696,-15031.63664341725,16242.836634009904,-16237.40567511042,15073.074020169044,-11649.993802516417,8450.899835098198,-4975.551471487033,-240.50931123109382,3149.0828208931102,198.7081458734832,645.9458388699044,1618.1978389617136,-11486.730216459113,10978.470639410427,-6697.121406152302,7580.664287131881,-9085.83043973994,-2507.0947661657856,10812.557963669335,-12005.464034515908,16130.19168904076,-18341.757892304617,14138.47385263916,-12715.650709046196,8629.590834613071,-4366.7095466154915,209.26612601155807,977.3213393768692,374.80757875033726,-1512.3800772257596,-413.2929414292714,1190.6213625334922,-1583.837120789019,202.16436451197228,408.1280526104208,300.7455343916,487.40596470104464,297.15179333734227,-1169.7554204622454,2395.398394549773,2630.124509548728
-5089.776691757083,-20062.547172923787,16143.743605575604,-10080.127471047745,6683.980672517043,-3756.962949843973,-3291.534316689681,1402.1117212603153,-101.05524878312792,742.5501168734173,1913.705022875571,-4171.81994534786,-4037.3170125724673,4940.990481437878,2567.8472361515287,-14.581510822773339,-5992.609923187475,4294.5471998243265,-1784.9344867339003,5042.973889265841,-10532.826057657961,15994.195689214752,-24510.137219664874,35945.21228793094,-49797.693244732014,64261.152176205214,-74211.38465886342,62407.40953260281,-18000.038388092005,25425.993068733584,-19193.41238325319,-41265.401269947935,59394.39525068225,-27090.187004762658,57780.56378023265,-74899.20320789526,8020.1147516654,9057.657449744074,18511.739887331998,400.83022158238623,-27196.02766866319,1896.2824447847397,-10240.297998370304,13346.456382712064,-516.2396366915161,-1191.1612751181028,-841.3319772039189,3442.098567927124,2048.8490214573835,-2246.348242082603,-3440.3038634367663,-1575.1429362139684,3719.2105837946137,3492.137814085624,-2792.1592142587806,-7440.189130668268,-399.7579735779984,4226.252470756107,2212.8940226136874,-2210.1854893257205
-4989.863226515226,-1127.786930878493,14176.78823587433,-97595.15914683371,172408.09790912704,-81870.94024246259,11976.497368787004,-4777.408775390277,2613.5603623064326,-1276.242071948384,-4538.949664425856,-924.0785751497253,6910.977006324338,7331.180795429698,-5072.172736504545,-6001.115273659755,830.4918914021077,6426.360329087671,1806.86833736993,-5885.332981296169,823.5565070855112,141.38803492922784,-1192.9253437535742,-1059.6771569165521,14951.692797780617,-28631.449593185123,25262.90658340478,-16331.348685360996,-12471.788558380505,227080.65221237708,-20807.817063309525,19939.006496377908,-42352.2715324466,66299.79203473518,179115.95934677977,71920.14114862838,-39487.51701674124,-37220.21226769488,93171.11463069932,201099.7440707121,75732.42765487327,-12133.283408808538,-17381.661121289384,-598.7187120178114,9722.354573206165,-155.2698795237916,-6316.270577420219,-6750.710656943064,3649.3465168439225,6205.338260748877,-3565.723305138763,-6415.54693785953,1510.0338694864,12021.15713349809,6128.954741156415,-6262.625461772927,-10256.717592840307,-1991.1549618505849,7749.806511083194,2184.4932480171456
3946.8438034613964,-514.7180007018936,-5485.619263741496,3656.1576425740736,2723.435539876557,-6030.199992086707,10645.449747221799,-8582.393063989251,7331.301681684484,-11486.129897666544,3327.1719947657793,985.0175255648355,8756.115421074444,-1087.1601045101418,-5764.718550691146,1241.8010444059132,1625.6585119613358,-689.2902825104165,-4039.272979006996,440.45818558081373,-2152.103580463688,-7299.316252112188,12842.113497412422,-1580.6054127096622,-5036.395152538307,-15332.871705522677,32165.559518470815,-18198.691994960755,-21290.30040627256,5193.261350300283,15942.288730150385,27026.801924318064,-25250.05552420638,-17155.6663211688,7014.572806199035,5147.130498896836,18720.406928828732,-13196.936461089399,-43873.758711322465,-2188.1656945093996,43882.15411017432,13356.510772385323,-350.5017002705305,-12405.291844055902,2669.3260848269215,4302.073566509594,2113.092286596373,-616.3995962761578,-4313.152007451153,4273.242754812843,4531.938529526747,-6669.134511113694,-10586.713752616377,3196.6860673873884,11950.33192574718,4220.159222822698,-1558.459694490815,-899.0986896955003,4514.297704424521,13973.809149343915
-194.789735253353,-6571.34160583745,4748.327966691442,2128.378956855491,-5954.443660589131,432.5751533143781,-2621.065672062814,-2364.1023137028587,-1538.9748115207242,-2960.7257493431307,7625.67312601534,-1267.1672291519396,12203.923491380781,-10992.12932053728,-1672.732347411899,-1116.3340916515647,4749.503797335657,2008.6173746895722,-233.22086074601543,-2185.890227396503,-3207.8043131268405,3981.8941149372135,3664.9277581562283,-3590.759198511728,-2049.0505275474775,4574.036189399759,-1806.0903774210378,-8078.902424947781,1815.3111242919933,2282.045834214086,-3530.438090455761,4864.497325821442,-9761.86399032063,-15125.700588545667,6442.982670575297,10364.08834000865,2294.0558295459546,-1821.6041085824927,2082.877765650578,-1491.2033618065177,4922.823253584669,-1242.869047360454,5119.842157462843,2169.2466943243608,-421.35358732144596,-2199.2263480794436,-4664.787081519859,5518.034599771835,3458.0823477281924,3156.391026376689,2531.0520201650256,-2025.8216877971533,-7908.890726967187,-5072.125383539636,1648.5684341872577,907.7245382729011,-2345.8077355341056,-1585.0002315382512,3115.1545335596566,-1992.8082034798397
-6873.481259147089,-924.2718331351207,2396.403537427473,-7823.0677165933475,-1929.2516803801373,2183.759519027277,-2046.03340444246,1611.7103785139036,-1187.2039970683115,2166.7905316391784,1104.5116240564416,1365.7830991450774,-1481.2916734634289,-5711.18358634036,2417.831569338616,-2042.7529559000616,6780.146687897375,-5213.965292380711,3106.248509120563,-2368.8666230277445,-133.692312338468,1902.926470511323,-196.75941609470092,-1315.7473522967896,642.2168518796999,2818.898807744974,-569.4340463825162,-2082.7497680843567,798.7594516010147,597.593976274446,-1733.9684549362646,3298.2174124590038,-3191.0622818408156,-1777.9652537340567,-3448.323977977016,10510.03796370425,-147.59073227264003,-4447.848243944648,1222.865426618735,548.5993874256103,1797.264852702932,2268.128907228566,-2754.8460935619532,1600.3235330836608,-395.54399270803617,2617.4985393707107,-1236.1673902720534,-1075.312507770514,-78.2998786405202,-195.87988244661793,242.74375550100714,1838.8541229839416,-465.351654250667,-804.0641008594296,-414.55606922818527,1434.1172040669912,-125.81853078683463,-2137.8585070047984,4946.310161770093,6435.5142297394605
1622.6523501226852,3231.7023903237896,-3088.9724933727402,-339.23141897609554,2907.8999372524954,-1705.182964369062,1812.5135648864098,-143.11761931006743,-330.07852772127967,2223.120860650494,-1522.1659443248398,385.2458886374597,-2479.6535033943182,-608.3824568172481,589.7448978320292,865.4330649992036,-378.24161246229824,1252.2117098482404,-2936.760531062041,3542.5619563465148,-5227.106099695316,6660.9736838840845,-7680.673939313932,5254.518582308285,-4841.134669411329,1866.1088878634243,758.0306032965252,-3240.6110130001753,1859.0103657073041,-3092.789627624273,3224.323737366797,-1316.391608551636,4478.842779692902,-6840.767477632374,1571.5367504742358,-356.8633401709756,2253.0617538182687,-1853.1089094251938,-5162.42068430319,-5788.3689297237415,5657.652641598451,-1562.7054840535288,-1545.665724548801,2402.16243213489,-2236.4542720586264,1541.717974472695,-738.324386646525,242.96990852400506,-1692.6405466898907,2010.669774254323,-1860.8235840589318,3033.70959810339,-1119.8233035880446,-670.2407598367961,583.7005059881808,-4052.7264951596503,3401.9241900386482,-1041.9147802831983,-19.35411259459834,2133.3401803979327
4285.843715721217,-4575.353205781829,1736.141398785817,417.29118559369726,-731.695397732249,1306.953703574013,-1557.3068384424134,1000.9505167030993,-475.94030643620863,245.34453120792853,221.2825559249253,-1641.876137286871,778.4249096283847,-500.5654121308903,1380.0430380618616,-1307.2263771019107,1589.731034377369,-1422.1062203611468,1031.113717622248,-810.8177262777983,79.4856720182326,173.49718059504983,966.3044439439414,-2576.902934137418,3569.8044737314176,-3449.39560862043,2337.8817468139846,-688.0591827270412,-1458.2847141779282,2519.2310562299413,-3259.2532427106917,3884.085311613025,-1532.2963404965706,868.8948930636268,-3133.2139806650393,4048.0253138365597,-2847.6549459211487,3239.740479964609,-2634.5684184581933,1715.1591010129105,-4297.25180489834,3170.0915962678455,-2418.385149856249,1459.9001790288758,-1739.8401010930645,-651.2052048591881,780.8140722058225,74.04311188774062,-352.19859502930416,1147.346975016363,192.14191682382022,-1595.1740824524304,2367.9738119389995,-1808.9241189176555,361.5731054182617,1488.7508470542216,-2526.9128800707413,3133.6511042157063,-3611.786989171851,4131.083865595677
-407.55702382452887,-3885.3321198214976,4100.932525625427,-4332.424479439607,3127.3613944894782,591.259001440721,-1870.2479721787986,1844.810492180064,-926.6105410717367,1500.4762076615407,-1179.0663305315902,-195.61947446672838,-694.5689229457125,-1087.7117713003795,3716.7822180706025,-6158.146734086217,8606.247121096276,-9030.318120175174,7668.440560607342,-6628.985731848861,4642.371626711866,-2965.5302583172725,1844.695620542997,-1951.6123597456897,-335.84431084232824,218.68432446609324,-1006.3597111801697,732.3192973728303,427.80889607194837,-1149.9462661800835,1907.8611405579143,-1494.5281614505354,1805.5905635252498,1066.4509403276104,-2618.678848062986,-1572.4273638584464,1073.6655956867155,-167.07561038165633,-475.2631147492679,515.5060843836508,-2852.898488820986,1967.0525387593723,1276.9337321000564,-2853.2840655964305,1759.729939080313,-3490.46871291075,2861.6298739182453,-6293.142873445414,6201.710782413133,-4660.400515058092,2670.861397494975,-1043.402353871661,-1300.5858188352756,2467.1440235529353,-1641.6488417590604,1516.8663195775312,-683.6743078740021,-531.0972846015412,-1397.1541149922991,1827.8475818425009
4152.345078966025,-1825.470983605945,1841.188208938477,-2875.565622823653,2947.5921168009036,2515.242427536439,-2205.578557232665,2220.9654010018403,-2447.898027895263,2557.8833392375213,-2561.48403883548,497.53282903119094,-1851.4942689178645,655.8328052586819,653.9522918707974,-1373.6712659706889,2466.293051310178,-4131.206675740212,3933.376768699821,-707.4835957119645,-2773.759959984771,5516.347762115784,-7956.065139422096,9144.98786298979,-11339.144339855822,10358.312236728718,-10076.661546667148,7057.9791695827225,-3565.176055675536,3397.2019883453845,-2028.7288122431642,2660.29483146757,-735.9420526310881,4370.65172432767,-15.57434019823961,-6284.738362021153,2577.059162450237,-463.5302546252217,744.6601681769132,-1258.086173917858,3179.8256109843037,-4833.127508118072,8051.216860215118,-5598.01446624029,5268.659869597905,-6121.847108872082,3822.0008193620356,-2455.342114009553,725.395931016678,-1615.9118209592293,1567.6665009114022,-3241.0964534685095,3548.210749498039,-3688.241356507422,1543.7860492283917,-2170.897210978419,233.6565253462586,-143.1280465890771,-535.0352066807422,-3611.1570537366997
4494.64068652259,-5141.780803992189,-6590.566445999924,-463.52640280511525,672.1476943375967,-2386.140869032949,1873.5584501085636,-3297.9644397061475,68.06670333306079,766.7295316201187,-1685.8969365232617,-178.50940673500793,1616.848434653834,-984.812592605226,-909.4181863029447,1414.663886708644,-111.31437235906563,-1972.7003171797505,1918.7683877477684,52.820337662707175,-7087.221352309647,12617.578904302312,-16768.14491985912,22675.07427795755,-16286.841899340121,5372.185563910841,-6691.099147609233,1977.1926748338078,-2997.7572348633857,4869.151669107331,-4989.14476143969,230.26835532327345,2822.95183992718,7030.983661267084,-4624.863793564618,3896.6269262602946,-12378.626003820871,14292.481641776576,-12489.028787036666,9239.771432480018,-5471.527905495649,6038.727438708665,-4145.690031037794,6354.6444666805955,-784.9824721951304,-3334.0315172191245,4525.736811323244,-6407.506255099504,3884.3700882666253,-2816.794803234243,1428.9138892568599,-2024.7623753676376,2348.7903815692525,-811.6161346775775,-233.22743184700175,4055.774427637115,-612.7196314127195,574.8422125590844,1429.5935493221714,-808.5849307908171
15487.339475148807,-17896.858893732264,8533.033402369583,-1219.4524302478824,9068.482068610543,-9412.247033644482,-197.84614765623695,36.47563757327373,2548.1158506348115,-2139.9848631327004,946.790586750914,-2625.6667000234042,-1717.5028857786072,2704.7095140746183,6009.186306662644,-11334.219131418553,8505.125458480536,-8633.43772844924,17231.095611765388,-21126.200015947274,12068.095939509054,-10034.564346807256,10445.20387736005,7311.90016450135,18331.072886269594,-46057.87267776902,13533.380868976796,-7190.125126368381,-3407.5789163873205,16368.513922411,-20384.355127485094,10571.199763945666,-6481.035965731108,27210.64883467736,19014.196119842516,-61783.17076702369,19821.60362525311,-4776.511908613406,5115.207330743356,-7905.658701363391,-148.1815950135674,3451.838247744303,13764.472881322175,9313.982898252294,-979.2896176450627,-15163.928316964566,3859.6088878452383,-10543.998759182703,-1133.3557733296138,-1539.2778891710354,2079.1301246146536,-3029.6210101747974,-160.03409089642508,2892.353155463961,543.3755145093544,-556.2386774056115,5323.629269776047,6781.01401883051,3346.0667838330937,2464.971577520441
-6009.3784521716025,-7246.568264272066,22096.61185267152,-107722.1682377535,170999.20124393894,-81687.01159573504,15730.207581847733,-4410.206245254173,3410.1746204841475,-7607.208972445409,2034.1603917078362,1872.5676257030668,5240.298446343557,-1671.1196904450994,-4428.638480269636,-3085.313965735328,6443.216300082315,5152.2835139943645,-2596.719251531398,-10058.486255550617,-14849.183717789674,38746.664102447765,-7010.027583597074,-75142.65937788087,259101.04387641334,-53440.69019154576,-15555.432038254283,41645.437446343414,-31664.977646170035,12099.072993389482,505.387389339636,4713.851594824859,-28603.14254190768,52776.371242032874,184268.14979873324,56996.3275312205,-15558.124944179355,-23630.829499438438,17431.611701233654,18051.350251870477,-15477.190831362708,-18068.189695388097,1796.8465060498488,97328.13433721484,198667.2646431986,100722.2119466523,15616.66437274155,-1828.9045160742069,-6415.255015329862,-4364.494316395843,-2912.2533204977126,-4001.3485193389724,-2467.4376802205793,83.99811929993882,3200.080597363578,4049.7247246847783,2590.9460575801527,3367.748210332512,17046.538367133657,24431.040548509296
7314.452548914346,4212.134074870137,-9503.221793701738,-9261.412353520816,11048.50248167015,1540.6181957751376,6498.484287212299,7500.870941627889,-1765.8185818962093,-3419.2940032523184,3992.4243929720483,-3683.869992229298,-5173.803713577558,-9437.384120804853,6471.337728292594,11248.263709287778,5886.259214775468,-14076.393713897063,-12555.404227119063,8033.580189713328,11308.701959816059,4063.931293087604,-25319.438152287934,-7366.69720249304,-1654.425201771169,22611.762798472773,15615.694183214497,-33544.1602205287,30564.706982137795,-18976.351320671594,-6052.575587609382,28618.488200835942,-24408.778605209554,-22236.83119745355,-2714.753765840489,27469.976892540573,22611.28890502529,-9870.25323412143,-14662.033339709316,4263.434629931244,16235.062990231581,4404.507822741889,-14931.49469574885,-34205.37901981897,4812.298793411382,14937.240917095574,8152.369376049885,3367.7597741507125,2583.390896629283,909.7530673982415,2633.922513500187,-2500.391360061611,-6228.86844303165,-4602.893467248406,-2904.49018730729,-1616.2531395690212,1561.7381950105803,-5560.830914802239,-11591.32867526723,1144.4721153271162
-2178.5743124375686,-4611.1724181617465,-990.3503094406159,-5750.907417136387,2067.8701444016224,1513.2328116143378,1557.3738478188502,26.009065102299047,-5834.6435477686655,3996.6927050755453,-2421.5035823775825,3600.9512239275036,-5891.393332912901,4040.8259468126207,-2274.2003695834355,6731.245938058664,-3525.076262823161,-1489.2593206662607,-2426.637798838601,4416.581233794608,2365.4216182431683,238.3943510948917,-4703.742946810653,3401.9379258931267,1994.4958093712876,-4332.6767367686125,2206.1567608745218,-2103.501375113434,1254.2264367478804,-244.28363351863248,-748.3265806312824,3731.9729383679796,-580.950154711007,-1089.495496923324,-1578.8878649827425,-7099.30060714644,5715.391690733895,2643.974152959977,-6595.144584986351,-957.161670985717,3066.647446128633,1170.3949686866445,4432.256712985971,-10969.446627212747,92.77179475226535,3037.6408266160015,2459.6458478330924,457.26226206284355,-992.5417489784902,143.30850565701235,2445.9050887556878,1985.0492520298847,-1142.0758826754554,-3085.8003479785575,-2257.282167657762,-4562.7544126986895,-2799.679361165413,-785.464191773582,-6317.875484353301,-3962.6022378573307
-1121.6362977528563,3272.822911523717,103.89604375220256,-989.6104482615257,6277.798427059029,-794.7567204527872,148.6623028080321,-2110.8908776458475,-785.0606904949675,539.7076649106936,-1776.642194418936,1399.103141038537,-1486.393628851167,3507.037826838171,594.2759210461959,629.3056019897781,-1427.0221737266215,-3645.7337505080677,5205.758081220645,-1247.592223284811,6332.025134218142,-8615.839107584707,4530.472776238351,789.483349792548,4327.99992949064,2350.6106425681814,280.7249878543769,2191.5864440642017,3183.3764890525163,-1616.1656725056189,2494.3409054353615,901.8449283502705,-1735.525882467645,5077.613042618956,1501.78764853818,-3660.5159557627994,388.7613473387787,2224.544847039768,-1815.260150167922,179.06462017891602,-1122.125431919855,938.3036666925934,2557.870482494424,-1731.0861361687714,-5428.921050609624,949.3655361785912,-901.9470782393807,1761.6463559700178,1467.4579605545302,736.1668871510408,2265.2968071134783,-331.4842737680948,-481.84207965360497,-2054.9548794939874,-1578.5622840867852,-1008.0316521435711,-4311.536761422233,-4642.821602777883,-4956.9361058006225,-10658.190296944747
1632.3355438426956,-119.08971664246215,-3679.783172951019,3292.600019563042,-1600.361787288405,-1216.4233411201892,-148.00695745670723,-3289.0153179430704,2209.2641505808037,-1580.288875206328,2034.568388967655,-190.45820866120894,319.80710106947373,1018.9801301086127,-1437.4028282289878,1247.9521104108624,-1441.7936818568214,97.6403091743964,1271.4392656332539,1243.343327883318,-3562.58702726506,5753.455372431325,-8702.629332103625,9890.135560017414,-5936.483658549533,-1253.0097756329912,3048.850568476313,-3922.2740919259613,2805.6266617552365,-1831.3195862689472,-520.2568235075988,2590.155681837243,-4665.1986016107385,2303.6880120001533,132.33041031227663,511.00548530137553,-285.2637313369242,70.26222134001301,2283.7861478375867,-1631.2492356285045,191.12123275150608,377.5620500733582,-480.0149540984623,3111.1106412743134,2230.6265438233104,457.47351133037256,3793.8237271785583,-913.6277714897253,1599.807770172914,-260.55594801032134,1394.2209041917417,1029.1090424013391,873.6506588796931,601.422416263776,1054.450947637542,-1224.215426572112,399.4751567851776,-2947.1353280186354,487.695292760421,-1446.375448291773
-505.75606588109315,-1310.4371744301225,796.0031071675164,-1312.5242820728179,-1178.170392863708,1323.1647936663485,-3834.7657210465536,3439.3989752659145,-2219.6774676640275,1763.8481112038135,-794.9557101660854,555.5614485127223,-1373.6707058318707,1750.9353583512386,-1640.025513057561,1103.2613553604635,-698.5296233001442,244.7522093226606,263.60023257971665,-1040.0911868029168,555.6847049432293,-588.552051066923,-65.77415896375527,621.9351013880286,888.8012992435162,-1237.2962363100028,-623.2069495248883,4005.899171484735,-4416.681798508471,1536.6457810283048,1115.9582735514177,-1658.2981293406906,869.4995336265918,-176.29531636194065,2077.337529909831,-1876.3850722636505,2687.594508870273,-2523.2743006472124,1638.4465185318238,-345.5187393283518,226.75482887423055,-606.7462731940525,-1169.6857068902953,-777.085724397932,-4022.1401733088956,2208.9047967724146,-2354.54484631815,318.47614252455907,3576.636468379651,-2386.7781929293865,3373.46871729187,-4188.392086614546,4119.993819492154,-4126.013560010902,3130.8274001461828,-2134.3276122048783,-1408.3528381922017,672.1613598633733,-2868.056033602307,861.117131077516
3322.4250379841938,-6955.811057615307,5097.342407720556,-3477.0139375874137,1942.7169681500243,-5008.5381507863185,2506.947638707177,-3799.023173010374,3258.9226332466096,-3733.385230498407,2593.6070792383657,-1239.8493110412635,655.1997244693758,1168.1531846716882,-2857.278958529822,1974.152762427978,-1566.4629162420026,1413.8046726616553,135.96674289794245,-1774.7479654654633,3256.5181946710554,-4874.541382694809,2289.622446280808,-921.3747323081919,452.9320283420055,244.78928258479897,-545.2014458901389,1250.3831037387004,-1304.1898296581935,-478.5538551347236,704.6414164215171,-207.76233396456396,-876.7860795483524,2982.415227099393,52.45159587811813,2040.5627312665526,-1653.645562631581,1191.033293784944,-1204.0179375948624,1703.1988018752863,-2054.408211926539,2619.8954622968267,-3452.60733367434,3134.3721730285833,-3426.0976581174114,-566.5501553189425,14.797167665555676,-1099.1276234752386,2511.4180027605066,-651.5619962547786,1667.092738418065,-3480.2735744257307,950.8147901401558,-1743.2171302372308,-1544.4924189503095,3042.121400977808,-4167.585215997046,2643.103546020444,-5409.738002444775,1514.6180736537365
-2483.6886743527984,10803.434960584698,-7278.46914366418,6198.740682650981,1326.0620409943613,-3959.394466692827,113.20243998770502,-1847.3129947213429,1231.5925123617658,1144.8947693315606,-534.1769655910828,1934.1219327373944,-1157.2961571619746,628.6204987163592,-1134.5175771737468,-321.6493029649396,2699.2573947400965,385.82741417586135,-5296.378340603638,8623.94919988081,-9289.420227287259,9796.889960191525,-11498.358059036744,12172.053543782835,-7770.645296540885,2092.526005355156,2311.070266191812,-4504.029201264333,4045.621625580838,-1603.36450033346,-130.24309117506067,-753.1563336168299,2524.3206720863786,-3022.741492411268,3998.3691607545748,-3650.2771400833394,5206.358396055526,-7118.442110209537,7741.950604023348,-6472.851748611443,4147.2078366613805,-443.62263135089484,-4289.398944211571,5978.160055261337,-6512.054091872767,6477.0318497705575,-4679.447944772633,4211.244396805581,-3831.964711034414,2961.4600376601256,-4244.768254402978,1063.7734294434476,-2480.666245111124,-1609.4450620277912,2678.364339986041,-2540.5979317542015,1601.817694472587,775.4821433841703,3368.3354144082555,1723.0150148703653
-3642.102537695856,8676.92409815734,-5703.659129629114,5902.013711566833,7538.416283426197,-7880.12282015177,3578.6862731096594,2532.203559349375,-5442.662113962725,5543.290478437767,-1518.8323590582768,-515.8539883549277,-2520.3858447904045,5230.738390357642,-9765.452234595194,8762.386895711817,768.5366912752984,-1593.4912646399277,-1168.4590733117375,3169.630071188743,2634.6902569642743,-15207.128724845837,19868.907783341696,-22716.06066980713,15444.65158165854,-1045.8953171465737,-13018.081317845132,18442.27745559477,-15089.99447657558,6559.556212459138,5003.733562397415,-15282.858507155821,18716.434827421625,-6828.753666967022,-3678.3173142181245,10953.645434748154,-17434.867403264376,10473.908774495765,-2957.203792450072,1366.865023723813,2896.998288165389,-6147.450185586376,6264.53105141637,-2671.37780430671,-3354.735392709269,6420.096695926509,-2113.17483620595,3048.9203733946692,1485.282744306448,-7926.1002266662945,-2349.4356211679537,1732.1143640621294,-2074.307288935691,-1652.7192046926439,2122.9876194869735,-1435.2010088973918,-540.5403744348088,3104.503641382432,-1571.5955111104156,-2694.402047391802
4324.776074684399,3081.9552262116727,-11135.18542859722,16295.76361555182,7744.250124452366,-9600.5890815309,280.36810450834787,-728.3345585325493,-2063.026492980494,3345.4591566868025,-3698.019002362834,8205.186394580141,-11367.130984409927,10258.546902911436,-9282.17062298231,3848.6393891444172,4481.760871400767,-1337.4590792759068,23336.16681105222,-17236.014833907215,8761.248536780085,-18179.446979467746,-7989.968618270546,18193.49838911661,-11142.081817724005,-648.7721421683252,19986.56129619838,-31705.038667189732,19224.557430609726,7822.541347489205,-27138.939143323634,18821.164920339947,2307.972108342243,22955.15570217182,-2209.169433069275,-14876.255820137598,-18753.555262154765,6113.435023522913,180.93776737235657,8040.565451048003,-2978.1404233854464,1083.523597871281,-5846.558150213348,791.369553042635,827.9426397256759,2789.54902922891,3096.0068487460594,5556.645109152292,11326.468858667029,-5808.383386949048,-9493.58326940379,-1877.9596962906219,-3848.111857244054,3017.501331050801,-1872.3676990150798,-2128.1362146388965,-3602.757039210694,-3628.532172646401,-2974.1658924960575,-1429.6241265721228
8536.087319174221,-15286.596546110832,25414.860836614254,-111541.5724298803,192850.06053154747,-89750.1345976017,11426.392440487636,-2523.0620940395324,120.26986039338222,795.1377690598999,-175.06976704493337,79.65389350126577,-4010.910348490998,-6655.012351270696,6936.905838922193,183.7875586828941,30986.932470268344,-31889.390822210455,-73057.19571917657,249086.9203225878,-54792.5711826318,-52660.52056600117,52112.45527243557,-21114.775265752254,5412.208352009327,490.3788945775382,-7527.697025449302,12777.283790576359,-5789.807795947664,-6087.713422036046,19238.638456510973,-18622.486547473625,-20652.686541292598,75851.10453395898,154502.81315909355,76839.24774924804,-3492.876991552615,-30712.35688477749,590.4940022607882,11161.345140169919,7337.740410638607,3148.919954320311,-2495.4393642689884,-7756.997204798987,-8977.807197197824,-3896.4055894181447,8019.305996276199,24745.223274274053,108584.39253850089,196867.73466286567,96112.79290545777,17307.23054020929,6474.664112260463,1504.9936312527625,2330.309658567694,3642.1542776930487,-551.1020057692717,-7113.688554165017,-5816.770037518674,-949.9526717813509
-1806.4200707088373,-1791.18516829178,8436.476762301283,-11135.549855806976,-7723.2843661929055,13278.464226677701,-14062.264963944557,9635.307574677812,-15048.466607905058,10683.984564766428,-7630.183980324411,10560.369447603172,-8041.825855271941,6000.745823576052,1175.41139790036,2527.3380930778467,3120.0049872831914,-23142.352390129367,7869.835414786279,-4181.117744476992,6099.523434813901,1432.9427663489655,-20248.220183581267,36401.70911030296,-26117.709259936917,1435.0460224498215,17786.938859330392,-21200.61983279293,8977.448184608917,10.717844245029482,-8518.285022412458,12656.701681246834,-13293.62212868648,-21932.196800744077,54.34380702722467,10112.816023027392,15083.432252490324,7311.4258300656065,-10200.82275195778,-8488.015223278104,723.9335968716894,9712.160098994753,9728.135948479334,-5873.507026967536,-11721.296466887297,-9752.989924403082,-8329.423650606212,-54.98090002988522,-7341.788092145798,-2417.262548048141,11953.177973600286,1387.356410394817,-2774.7572083050663,-7131.044680031281,-4682.659070962072,4640.927161452051,9017.682978689183,3230.0946193575955,-2756.1944949347653,-5603.809879078627
-1404.9061701933351,2118.464259114487,988.1070112299577,-7765.570472073256,458.6481797034357,4168.138171882428,-6161.408779097092,5031.419137122015,-6633.066793442733,7421.262232967415,-3020.474802900674,2687.7198481379173,-1596.1790952432536,-4159.302645851534,6935.051014580208,-6115.679852134479,6642.310648489316,-8526.62236711116,-1907.6655191323782,-1852.3910038081078,6957.260451326493,-4875.518045074063,-513.772700749359,5128.111003042554,-4424.784816421799,-229.6394732065669,46.95587018787842,4415.063635048412,-5116.016636574667,-979.8917082318234,8857.469152826307,-6111.3973398445905,-2133.717098655614,7830.9935364551475,-119.72088976963641,-382.10544178449663,1793.5209022683869,-1773.918504781197,423.451581101064,-180.11858975312137,-1601.1299098308605,341.56039620560404,2882.614486776975,1043.9295354532396,-1073.0828130707305,-414.92367432316905,-251.19041779444763,-2592.7132394788187,-1119.9376035873208,-4641.578782663557,2260.3493983330072,4065.059314610019,1034.9539923337043,-2025.5767254056038,-1124.0892756587423,1403.9581263932691,4048.434621025558,4317.037429890761,-703.7471897276679,1272.5764948278188
-3455.087656818278,2737.78816246675,-2233.0985943164787,139.51168578013778,-1175.0989465204145,2187.99335654606,-3319.2606577020374,1742.1167454633926,-2419.9783379994406,3340.9897284690032,-1508.310931993481,-276.39103625307513,1908.849588262563,-3111.6047404192354,5114.855489066018,-4062.9994481956596,-1034.6709644442808,3827.7920249989165,-11458.518155606063,13078.486924680965,-7297.51011119467,2642.989764758311,5737.641163796308,-1092.585770276657,1085.37312051751,-1747.6170072591322,3112.140326197532,1465.4068488405796,-3791.7934972619923,687.8667805662894,2815.7293025853587,-1256.2380078166464,-3424.9809687606053,-1995.520165832859,-278.40183402662694,-1348.2779272229336,821.2185534178409,-516.7314868790611,-1015.4777768997908,1055.4709786231128,1723.7926534764429,-3495.863929721546,2080.236106096068,-1072.4764484964771,1301.0001881202315,-1387.371454245581,1158.5988892889486,-950.5782057863066,-667.6926304859564,12.406876203865636,-1815.402762220995,1577.4447939705665,172.2640953378589,297.2658778481441,516.0047610489938,784.6736124133467,1946.2605749840775,3795.161868757953,4258.7203140178335,2761.004690314224
-744.5666718666821,2868.39130531349,-3791.70006468235,3159.9384321397056,-3836.0119332137792,3126.9216540126095,-2045.7333467279996,2125.194707420112,-566.3743808744341,505.98751535155844,-52.94019776746637,-362.64316138766384,1383.9107878837076,-2352.2911002358505,1864.067077181627,126.47401473707501,365.4897756768118,588.4975054884035,401.512068590698,-483.54526755070464,5545.726325080051,-3345.2491790211943,-230.69420141161743,3810.0587576515613,-7206.907723892621,4834.346752767193,1012.0165648307116,-5111.009358828236,3718.411969495797,378.45206897359617,-1659.0328457081823,1111.123462560666,1530.0054537200149,-1596.798627364592,1614.8957684967963,-533.8965369033058,1193.8734369212941,-1079.2208296411852,-616.7376651809317,194.12322510660005,1345.8624150961132,-320.4067706144062,-396.98242746071014,-953.1093670190178,-156.23532940262947,384.90736324982834,477.9168726517616,1220.2793418721576,-429.2153678676018,1570.7996999217269,-987.8309434484893,2023.1398270542727,54.03322672440896,304.59825460840057,613.87001625125,-1551.067143005227,1056.403135800999,-2034.7771914168566,417.48098377430495,-2350.5765716113124
2801.3519765502715,-3275.3255016882013,2640.928224691398,-1340.1828621982634,446.00161985937234,-466.7554472278688,892.1470402109387,-1825.7799497526607,1375.5003080432607,-3144.7863088946287,3418.5466211321504,-2838.626411540768,2966.3449766501403,-2271.6793544694106,2615.0929010292757,-729.7484984272508,-800.6700229918174,1646.3913135914977,-1358.6235662299996,48.911476215463665,1931.3639191069162,-1382.6809403769862,-877.0606802625698,922.4231253946003,-710.4862592793571,-640.4395271941995,1311.9564273957262,329.5256831504705,-2531.1039049407814,1922.56168475555,1405.5287024839135,-3482.860890311787,669.3992578245715,1628.7217342291915,-1770.3662089002053,-510.74033539659723,-764.912116772783,2615.4123052323234,-1933.5303355621704,-908.7897775756276,1642.2260967944162,-1931.1444667513822,3898.5889384344373,-4314.16011930342,1695.5450816677953,-2468.61146700256,2747.564559588165,302.03765790443396,3946.0823986279934,6345.146247904178,-571.6542995098915,5299.39933250423,-560.2428242526705,-1457.8978805465244,1830.524698844297,-2664.1393942671307,103.41025050315608,-1662.177067095402,-2732.926216393792,-844.7553307557395
-3244.627943143259,7271.5937677000875,-4968.645582251511,3080.1361632158914,32.597247755801135,-3638.6057439766323,1610.5610446742203,-3446.784229769264,4057.6487389374824,-3495.820836692998,5470.307654781932,-3007.5390805435227,2584.065626773866,502.2031224064545,-1035.7463798890376,737.9488815100407,-1695.4511506244867,2365.2078011920453,282.82771313341004,-647.028707481866,684.1322259451473,-866.4747496289009,-446.7008229312791,1130.7233266312246,38.91506073509126,-1588.6239700096814,950.1664439791844,1095.1366334731886,-1932.3481028410235,68.02177852945465,1743.9323621792996,77.02208602073927,-1071.243279797003,-680.9319809325995,2139.727961085072,-855.4424981209409,-2429.0177027859404,-62.80150289497071,1149.002685260332,1185.9036136835232,533.4073421280134,-2229.6620292342363,-481.5310700279851,-456.2248335471784,1857.0080448971048,-310.9521349010644,1304.3029769568986,-1564.3243635393706,-1155.6825825507117,854.3683399206985,-2415.372576885921,2114.194377376167,-1031.9532937370284,1744.9649690259387,107.38153153257517,1679.222581786492,1781.2794629665832,922.8594403407197,2697.072523530257,2371.317596120453
-6359.55894202642,4873.166982458865,-2924.0645027974124,1526.0239427056838,3326.287682603718,-4529.30188127869,5663.965569161853,-3830.003841153353,2499.0033342459733,-353.9852488951185,-2007.4297989053684,4733.921514541475,-8115.227237092734,10911.731898970658,-10039.918650326603,6379.9001112599035,-3327.5578236197593,-1073.4741815965424,4361.653595812579,-5908.447594064738,2173.6187977468644,1719.309718514165,-2631.0892688680956,1022.8581008442236,-228.41763284375892,-340.78200408018654,163.46915633159333,-282.25134275186645,252.3114725696512,652.2431215214135,-3047.369133922751,3647.3565704335724,-1425.2637410134082,1576.466906702083,-460.37654406283264,4356.331263677498,-5862.012561943752,1613.0024533018354,-2306.6219337512184,1413.3013884723323,3711.01796606897,-3106.760242891589,614.353897133015,-2848.775693624509,1603.811212763259,-979.2350814250647,2615.6394202983743,-1058.3409133849855,3417.466122902861,-1376.6926742601968,-1405.4180362888535,448.17218949814,-1616.5628416763261,-1042.7633380612692,1421.423476837558,418.8863840087828,898.3717568148096,-159.98390746598125,669.5600458464241,-1274.4073346021069
-2039.4606778665354,-929.8848909453253,242.5357351558606,2928.0943087096257,3509.948364558807,-8454.856789115493,4254.965819349387,-5440.024173334917,7052.652194534401,-7957.070514578533,4518.620765855282,929.8556594247156,-6272.583258212351,6135.7722945824635,6946.804561327275,-15311.49488857138,11635.47091270324,-6446.42530343597,-555.3758527369876,6350.2968425054005,-11470.317437638736,12106.610262405571,-5203.425370036532,-4762.5146150237415,8948.892332993759,-4471.269519995705,-2770.752665069871,5388.092923459571,-624.0016840301919,-4050.5127612002007,3561.5616590336263,-3834.959979502395,6976.269218562674,-760.2075767385305,3843.2139680285372,-4587.554719891929,6115.670323623707,-9612.62059709262,2434.7271574571037,-1497.8451792828946,2136.5367195646186,2369.479829382685,-1911.425629651734,247.0936195841482,-3827.998983134424,-63.84544616947235,-1126.666165410762,1562.762948099421,634.3526649141925,1480.7682434701908,4062.519676566198,1029.7719660025346,-4509.88536574132,-5245.1651966011195,-846.763805868211,1636.3158327349852,2270.039700701691,2062.969331201208,-890.1962193982807,-2436.0016740680567
-10616.267989114562,16380.001104612042,-23106.52886434694,28897.602075338553,-1182.1700906809224,-19189.083811177963,12517.133041252891,-9524.467614349787,8811.89969929878,-6680.364530254992,1961.2418711520843,9386.951441244722,-20374.806488495364,35411.00038923473,-18117.60846316425,401.47255449848853,-5234.276489786984,779.1090683526884,-154.59952416206158,-4777.662982896017,4652.670973119537,-3960.691361046663,10882.545348010528,-6191.347295792187,-14646.293262466841,25400.596255281816,-8450.162557392756,-18989.769906810256,22716.946133117533,-623.6039689109534,-18285.753629804512,7897.888696586384,17078.78821016617,8955.059140366639,3997.550327840916,-7902.504052635535,-20244.481114545684,6512.248349714578,-5895.882498568065,1644.183990061099,776.7673539057121,710.79363369252,127.31231751004293,-2087.5390045297336,1010.3308060694326,-2662.0586824627917,-1852.6461528099005,-1548.630940573168,1602.899432140762,2083.8970386089786,747.0732047517004,950.2826258597254,6540.499176728338,4507.762196142951,-14466.149350415953,1097.5690102881902,8500.878826982887,1510.6960160584897,5865.035096482735,6134.361273946045
4174.963433159865,-5205.022529553714,7524.802647737099,-84930.41817164057,183817.384323883,-74053.71421050446,-1281.5144251420304,7661.891834776298,-11724.110002290394,16053.054921767916,-16824.841929264534,23804.60605475692,-44824.999512809816,-55367.95816745233,219356.7109418738,-45132.68321310097,-55132.166661123,38622.75412761077,-15544.769635402154,7064.479297220205,759.9319983905789,-4445.535980747705,267.11028543566954,1177.0196184212848,5957.327044830396,-2296.3851849102916,-2525.1770295865913,4981.363559546607,-6482.721965295623,5400.902378623652,9347.35660538039,-25728.259759164695,-7837.1576525202945,80069.84761618522,134435.45782117994,74979.63313813793,6237.140430911943,-30152.408531064724,-6786.5803284138465,7372.864761543605,5817.898634464719,4938.195472472892,-3917.0071516047133,-530.2122121299222,-1961.3657820653818,-60.61490203187418,-3660.7322776729957,-531.1032779063853,1198.8717566070864,1498.0061811534388,940.0585265813979,4802.912795630548,12148.504277103046,97937.68587400603,220409.9568381387,124643.33151852083,25111.612616686984,16918.20834472108,7242.757610013667,4327.944686903198
1696.5428053297567,-1129.9875192661584,10067.940712989237,-15352.234732344004,-17675.956813365763,35675.74652213296,-29197.542467327232,20669.313838854672,-17510.083654214497,14097.34926081742,-4115.880473341325,-2110.2075768394,1773.5129473593893,-10878.366201304334,-10013.868673525394,25041.503482122218,-1601.0922933489514,-13980.796352455884,27582.918099523606,-28669.855520583616,9354.38899033914,9667.475781613246,-13598.797959283696,11119.085444494813,-2719.271159818407,-5253.296041834528,5341.686820494041,744.2519474562569,-2775.0673246317497,4872.674922864062,3090.018122587837,-1650.3414986263226,-6525.576199644989,-5482.600895472494,1593.817750267198,9451.017281995766,13283.332035391062,7232.279432288412,-7950.330960765427,-9716.466275008788,-6498.530127115044,2586.5603435803687,9111.636126983045,7194.949568235091,-2111.4907689820066,-4991.03606733398,-9801.608201263978,-7218.276940993515,-1572.1727677380863,3873.232790797426,7451.715978732946,64.18930076367565,8928.683394982281,1921.9142208005785,-16678.117990932147,-16847.085479355424,-10645.210321020095,-8764.103353074408,-11174.62787936613,-11514.4703890728
374.1225379950034,13.694063738218034,349.93899309005235,-4546.270916575763,1513.5008688236449,4175.646158231356,-5071.3478319198975,2075.57894411963,-1413.657174960047,-1104.8187888747461,5024.038061694163,-7525.033901348852,5422.518970442769,-10306.528842278294,3351.984211779595,13124.552740540426,-12393.274809825243,5096.000942501405,-1585.7289531642473,29.541075318359447,-2369.920105064394,1594.1144012571074,4060.35266661937,-10270.238440220448,6382.362075818688,5456.432849590262,-12608.92070445469,5702.090881729768,4329.126731436791,-7572.252464789382,1867.9691777007124,1883.9132595960991,-4750.778716333483,-3207.3057723956863,-784.0009267965856,2845.2155787079832,4697.671779096109,884.4422740509258,-1764.8325365369699,-1571.0007953873642,294.52059704249115,-1972.116521203135,3691.72726278067,1974.916136291978,116.8313195035251,-76.62997744778755,-1128.811595997641,-1280.4610599568855,-3801.194152118231,-1249.3811018255615,2341.3360260894533,96.57732392079936,3807.4793013419003,5885.4579068944495,-623.909154450444,-6179.425952831033,-1572.890435417321,-1208.1675990673698,-873.5964318615422,101.73129017195902
-1110.7962351238957,214.72560244391815,-575.169531868076,-1364.9932110791804,-891.6920538189456,-954.0196865054992,-445.5945699768431,-181.313952526962,30.431883027507695,-474.0873247638577,1577.04253629525,-2266.5098213116225,-2225.172544514459,-680.9489150387359,-3137.7493571407585,5170.845751932908,-3738.023110826661,-4259.977821699475,8369.132183765978,-6850.880265771138,3.6811656178112457,5480.6666609588,-5783.519054429448,1375.6899081521694,2673.5462320079027,-3479.789204098197,210.74581759786537,111.68823721754319,-1533.4485126388904,3213.7807320748134,-2029.577890891601,-4524.946127912492,2953.5910674743586,2693.1841046402915,-3535.8355839849087,1517.9486396848429,6098.705881506502,5064.901322856966,-1519.9712851798492,-4476.856011272382,-1435.7417447662287,853.2112555849621,3224.9074528664773,1975.9755438153236,-1055.8332620466572,-385.28705672181036,-2266.9249386486554,-562.7898304285758,-1200.801922197067,-1409.7010299373212,2742.7779077200894,-268.5048497195217,3314.023511535274,-194.07018702863985,550.6918307103861,-1923.6035695403298,-2704.1754880123053,1334.4794839347962,262.85423823291075,225.071746749146
-2280.432160236775,1516.9642112081563,-1554.3737617940094,303.2554512542867,-1806.3154471915072,-1813.8136489161334,1418.9970437626002,0.9841051076101053,-494.2881472052808,125.90997949970848,-2268.1033336927585,-385.5426273606021,2498.8906593842785,-2815.829029915498,2741.0428622548366,2427.2508931254424,456.33381322309947,720.3827702941885,3167.831576312878,997.2202698040849,-2829.071257099641,2390.3369562835596,1814.6266324350524,-3785.554744261892,1095.1562417969467,4422.4766957988595,-3545.3496725379478,-825.5455964772107,4264.409750713723,-1344.8986845839477,-563.6152723294292,-387.1627148481167,236.37508034965043,1975.5734133515932,-2033.9317641774635,884.5613176216281,1091.6048010849086,423.8963380707386,2667.206099796095,-2389.2007248860464,1952.6278253595626,-4504.146077891644,3049.469364677444,-1137.9930596614129,3334.032846433314,582.7227635341342,1802.3523676311665,-1059.1162287403617,-2157.513806477567,-1901.0099053929289,-975.2934274403889,-1053.5674755576092,1304.4243145427245,572.9665617207893,1895.7138235840873,906.6583592820161,2824.6331821812487,2771.2329996333465,3247.982675312049,912.4031977333013
-154.4722839590087,113.84557175179984,-1750.9509257514617,-1509.403811783695,720.3855223100511,-1401.367344141352,4387.330429889299,-2267.2393800730247,1192.2741381660626,278.0370354353242,-1327.8377026934993,3351.2021356185924,1265.0632141891235,782.2082096751176,-859.2238893079896,1507.3909027626116,474.1404877875841,-1231.8549338807359,993.9717919994512,-808.7805681905069,-370.81659344099035,918.6051703060905,-604.3284038043927,-1000.0972547019082,370.4238536325857,1534.9807274556144,-1039.2611216588562,-2153.084161272647,990.4073508257707,2011.084046677089,-1680.9670610217345,-2307.6325433391876,1052.8850224806874,2663.307870349654,-1502.7713497277834,-2196.5312120042063,1232.371444845358,179.9770549232847,2023.1151803944808,-48.20381249276042,-2232.770888334284,-937.7892066239597,536.8783098614788,102.11311003636709,2083.949326493685,-931.1029358750969,2027.3732131220343,-1048.541472367856,283.70250653869687,-998.0254825211675,-1306.6804001187188,268.5025396420898,-1589.191738822787,-394.5273988775966,-3960.517824980686,-404.2169929528557,-1250.8355354881867,1483.71920640116,-264.2010554413128,763.0219434814231
-537.1775969158695,361.6967451827845,4820.3324596162465,-5631.203257913442,8468.797994906894,-3012.298989704627,4660.227896325329,-1472.699979993593,-282.00661631445655,4088.4329908626055,-4470.678430037719,5967.8927083644085,-2382.3904940989855,-1002.8301990642619,-108.86325160139928,-1027.6169959655613,316.5693101543901,519.5005111191551,-253.60180777741093,276.84236204206,-179.16591127939665,-229.81416352880552,-136.76633253443265,-2.8490720244235543,-100.16749036959021,802.1782225990577,-49.01481513434139,-924.9898570196635,362.3295949096323,478.58675347425367,-260.94774333206976,-571.2679943242674,-69.4992927768817,966.2102566062638,300.89571014523966,-333.901770840237,-1976.2301316237917,-968.8421289020681,1311.565140838603,2007.5700995113318,-34.40427624639227,-1051.1138348030936,-2540.909659602525,841.7399132645926,13.477437269375713,1122.3549015428691,2574.5522315643743,-843.9663788073485,1970.3867561423658,-2348.6588559141874,-574.0321033050352,-1342.5441332661449,317.3150335997117,-140.43359375305462,4791.431860977024,3093.298513266651,5090.9339125891665,823.4371967416303,681.357974434354,-235.74336568976963
978.0088280018155,-2467.6932993090604,996.217988353296,1870.6586034709635,-4192.287520652378,1544.5226847896931,-2511.0238981422117,1720.8063212374368,-852.8928316393358,2244.950905364136,-736.75095971699,-3695.87444856228,5789.813610934702,-8842.879539535632,7433.404530844322,-4191.020325937707,11.493477458105055,2906.2082079691518,-2911.279346479523,356.86460015247445,1147.6342630597542,-827.3503876595414,-708.5103264496038,673.9070895808094,-103.40822891999497,4.924361028906546,-365.9288287615552,-195.00318742911907,887.8540801266033,-962.4140969901525,105.07487718761007,-970.5809103304674,2373.459521000456,-80.5109091341265,42.835108418209984,-2726.403283230328,-540.4004304642588,-893.4586068628904,-854.8076147768354,858.2460907429723,1578.5717936520275,-2227.882895102075,2034.8033121289445,-1704.601684827742,-1820.2118334938186,1730.6579780716995,-1595.5407054043644,2312.6550250040364,226.77225755273872,985.8534793276561,-601.3533015400827,185.05340258234753,-1806.6030242273853,-67.64058746054063,-807.7650675006844,-1278.9138603209005,-1738.2768137614637,-1272.7186472985456,-1091.1072498517233,-880.8487101203515
-6921.133089797151,6378.696539239128,-8658.351244445175,11676.782601585228,-7276.81251544688,-2285.7854915565067,296.93969359729465,-2215.931826224173,6490.930329342488,5067.919470849052,-5628.346548933835,-4285.755506902338,1939.475838381013,466.90740468962446,-1443.6730486015108,5517.851002969005,-7077.763303846454,2910.409552593696,4750.877981341966,-9638.358880571725,7810.986886053545,-82.54357398123668,-6724.311369139673,5110.03405121376,827.8682434308988,-2965.631747771922,368.04956593702303,3135.600946671247,-2729.4428209917505,-672.1400922167406,-4241.753485401267,5681.004507449773,-1049.7401066863363,8385.447905022567,-4819.404174123761,1444.3830371621916,-5528.657588696408,-2772.7282439499786,2023.8494330153421,-479.87225879979246,-1067.2827894650297,2818.291118614754,-1015.0046691781888,-615.5878960518712,-708.9423915113169,-1003.5760900274897,1318.2947022919222,29.662963891311648,-601.1445683567903,735.2008197462478,877.734885808601,-64.65886272416108,339.9344132707411,-1433.9986514396783,16.933381452823866,-405.1493016074499,-754.1772529156964,-41.28727210336157,12.180981681088184,-962.4780234599443
-13942.666812095553,22136.890999627263,-29167.51100457827,41482.634669497,-13139.69957658722,-17834.623338311412,18490.303599516305,-23998.596459426215,37120.122304873,-15757.506851781322,-6593.469069908552,1426.3293333607025,389.8432751682644,-1075.8284348965674,-3321.16806911495,-179.39252540568708,-395.41117144339717,-563.5107816148078,2907.849603272955,1496.6700580459917,-4289.560895204772,5290.512137099048,182.52363413959392,-12225.29493796396,12146.507800582727,7266.241012868553,-19416.72220857252,3751.481872046107,15752.9047895371,-11045.274261192275,-11345.46321812637,11389.13141130165,16185.921535712137,1765.4167160484824,12630.539259462734,-17333.461884507604,-12023.215458498456,1733.2722229437788,-5026.127504162425,747.731409536802,5314.005930094542,542.3459025792813,-1594.6958825730565,-990.7761376860585,872.4465019972542,524.0811490457766,-835.6410184185524,-1039.2828304311572,494.391673811,1253.8856290351484,-901.7479035173203,-743.200742426095,-478.8040824348838,1464.9074566453553,217.72034610714053,-456.41801794051776,822.1486478377562,86.80025954797006,74.07906159742092,972.3917251200329
-3937.944351359769,720.735414645065,-7879.416760744214,-56124.22710220229,135141.84060341486,-66648.52484132472,-465.5207822665868,-32905.574030548894,-70318.73887789196,215490.50716922068,-45373.97040032389,-58798.335784580464,31080.279523986577,-16887.68684114672,2921.1123835553226,5648.478736930288,1254.927803472317,2147.1083885440576,-183.14652560025246,-2332.9225539650747,-2685.9821382535565,385.0338902646407,3271.777764539184,-282.8667170136657,-2882.0711241778936,1773.2293384170139,2313.1069057455,-4811.473214752663,-540.7587512430205,15498.16925174611,-1039.668837637712,-29738.77054574076,4003.6248581954233,87720.23597338522,134655.58536695677,85621.68674647955,10792.00646272577,-26485.158753145322,-16861.42287695576,30.381446807808516,11965.451625928245,7490.745525793244,-2010.0363507501718,-3478.312101745379,-2956.2541920660155,-3282.653068761948,-3229.1274675257746,79.22266406660992,2981.5452614998867,3722.361852108174,1591.9612952891107,-1244.1230080832784,-1682.397478636778,-1622.3327403295957,542.7953416367731,2039.5947790765285,275.09647543727056,-917.5780384319005,-2299.563560344372,-1858.9592350916055
1501.5525288227248,-1153.5210232918698,9859.718217601667,-13415.410767032205,-17612.70827116735,35251.60546107821,-18947.058769524374,15755.348922807416,-6875.666508952238,-31073.36200718541,54486.73025202527,-25942.70008683022,-1557.742583338075,24152.22777412578,-27057.02281577351,20611.42103567233,-4109.4612976961635,-10825.420946225917,9178.297453975149,-4797.892502935925,426.236566010102,5283.12745563143,-1084.9832885263652,-4264.168152863561,-310.9537993530496,2385.8940147506187,725.7509570853787,-2170.673939790649,-1764.3396387552204,3595.5550819419946,1358.693926804213,-6478.8385171367845,-11165.17716761401,-8961.192508368124,532.9979491500549,14441.617345129267,20213.037052678377,9189.203378439046,-3246.0128018620603,-8968.74641758885,-6511.182397589427,664.4075899381951,6226.953449679488,5799.550247360249,5010.351971786975,-1524.544649971632,-4245.387188830807,-8681.37348178961,-4833.074116984707,-230.2005458627052,4514.491063494265,3917.9874376438934,2811.4381819510745,2763.8843467373135,4309.93745612949,4534.746993070495,3418.509583014088,3828.839374845011,2401.639595806132,1842.562643978235
53.92627820668189,-238.85710027506016,5.035827895853728,-822.0279485797906,-1653.7459208556527,2630.270122711194,-169.74456528226813,-3487.316900344689,-2954.7700000824098,-2096.398277322335,12343.590069654903,-1764.7061324816689,-10468.965682816599,14582.20356099154,-8273.259598697561,-3700.7399891994287,11899.592877657633,-11576.998635292353,-1727.8799293317581,14626.223353297102,-11730.82994489052,-2645.4594304566194,10076.87623605575,-6019.209097840991,-4919.610396101259,6504.962927169864,330.5304682922934,-5297.035812450089,-86.50366234324207,3222.9162660673605,1354.512254220895,-2697.385863752155,-5035.6792266520515,-2230.578097851927,5065.3201224736285,3392.3284114438284,4962.8334421655245,5600.254821271567,2067.750808585348,-1322.7674774178356,-2975.3034936318136,-1459.0755581029384,1435.168781344914,2075.7783309962906,2746.967999151758,2592.2626459617927,365.55374683787124,-1287.767573761782,-2449.5675187314523,-2497.5319380772307,692.6318870005384,422.9530776910131,668.0045938428411,1142.5991541877174,-38.86809234445313,2730.436054538469,2130.128592419382,125.422002498484,1554.2943028901516,637.7316006009875
55.966625382890534,-161.3442015782775,319.1072727529352,-632.0678188590181,-786.667445717401,1078.9429863707421,-567.4596962531198,484.3099468647419,-349.31671698868143,-1155.5668696164694,2580.3464152534566,347.630287071573,-2792.2156602485966,2626.9158227137505,161.6459157994035,-4153.987491789326,3008.230816251762,41.2416804730006,-5354.50393934098,6308.087417844891,1996.0023392416601,-8566.456554713515,3794.299121266318,5478.921683664578,-5524.265633341816,-4680.044464962719,7497.357431678381,1737.7375211681317,-8103.1239322348765,-400.841088838046,9072.603103874306,-1453.477054503462,-8310.228188273146,-1948.101637412395,2468.2605348960233,-2279.8662608675786,431.6536429430959,1776.0112636742313,-1991.5826773659596,1657.17064947413,-107.42182077197128,-1870.8659724707468,1639.605650916551,-1020.7670371798863,849.3769343132544,498.8563332640872,-498.6655426859579,92.50503659504191,-266.0075985623415,-1004.5886087110703,-812.5658957837019,1013.3513077524001,-1984.6708728686044,283.96196035987714,203.13260847294552,-1034.950315969143,1954.3774826936258,-1141.3733883347747,-298.9233028509027,2065.6808616683898
55.42074837593019,-8.912188165195044,-815.9892730357471,1135.8165518959495,-1103.8855208096763,-178.9885146411509,21.410777843096767,-3724.1495934236673,256.61162018176486,-867.3201653590527,-271.56263217322294,-256.40067802205095,-1403.2330025117817,4.129693785452616,288.564589299844,-327.7780666694332,1051.1516059696062,728.516302118551,-1910.115807740237,-62.794212877367244,1908.4273692460642,-1128.3909748210226,-1603.8609964841885,2895.6374078280164,646.1183039490071,-4078.9480601562163,314.685371463748,5129.3516914053125,-1717.2956437362086,-5443.821939638925,2804.1652763550396,5342.998424459178,-3101.0217009814255,-4348.213433029305,-866.1936452880097,135.38733067892002,3934.3165159859914,1171.777951238902,-4801.234963566431,-624.3854619481858,-1410.8260124353753,2476.999357951172,4116.947828919785,-2143.7215177884505,1419.6851047537875,-4714.661354285329,-27.185628685259445,-1918.3842304140762,-17.146868320302644,2314.205455313637,-284.45087398453086,3137.77860467429,-761.0435330611242,1192.1897545576319,-284.98874649341144,-557.2601663789051,-120.296105639648,-577.6745406372022,-642.1505554604162,122.44548788418757
-613.3180110059855,1101.275100596557,-3151.7440446448545,1015.5639764765023,467.6443165415915,-1873.5834711679172,698.622045741092,299.5861699731086,-1581.156731398063,3416.152863041598,1617.793431678903,-2.7161631843160157,1448.9865783456576,867.2588181893208,1450.929746408149,857.8513493335429,300.2500305591592,144.67562276071394,-106.95094335182227,503.14391578122485,968.9648320326298,254.93928481462876,-62.01202677339694,695.2941894942167,634.3691995550072,-587.6380535642801,-126.22638363681959,1590.8388799853083,1020.1610676686034,-1140.7071311775248,-874.7370931732648,1554.362414574324,2102.800565910774,-244.50288642783073,-2566.6990209339547,-2105.217307634081,2288.1858947385745,3905.1716416578824,714.2473398955482,-1365.378407821615,-4370.442497832081,-257.5534215333793,1529.6103508367953,3511.579900854037,3414.8583134612545,363.74434863174645,521.7326499366328,-4002.895352792001,-1611.408535480943,-3595.946018778953,-407.7781024159308,1377.122327396382,1165.619392771353,2397.126802618876,2749.2750259099066,2610.4953271557915,2699.0885149278943,2756.55069480294,2134.4252078323293,2192.6657951493426
11.40941160305712,484.8896360101544,1531.8374987560055,-2206.141520293499,2007.3979408344826,957.9190702635938,746.4798718335528,1284.3779146530524,-612.8942748990526,296.5351146848417,539.6557941356443,-101.67146466229079,-171.82878040451064,146.5461155544144,-604.5109983632199,-24.883211741942592,-78.29021213058947,-399.0772002619137,314.80984308121265,-69.36582441652308,-188.26661808620966,122.12291523604796,-147.4346873318712,-117.14158874760608,174.3504495969363,-106.01236379616259,-282.0278484889739,25.78124737742919,136.12245220101627,-113.9176872395067,-333.15866674793443,-104.05878336446193,423.99269266969463,588.3889276848946,-376.03203761428097,-1207.8976883877351,-130.2462580351295,909.7427624399825,957.0107317544738,494.4286543753966,-880.2377382036556,-1453.4151244283862,-959.841099308346,522.084640244953,589.666195014662,2093.2719650423423,1081.5139883552238,1026.4682920212324,-623.7609498170881,-1394.9079723345476,-2157.4894369482367,-1485.9154159094226,-1156.7197530252413,-1032.817006850045,-649.0870560237519,-758.7632968484947,-414.80291786567454,-241.2173236057898,-588.0769336553067,-1654.5527316539042
35.19796652201049,-235.61317542437658,-37.69106411155012,-148.24876521726617,-416.2105597473722,190.5322074205747,-392.1789064318383,261.13386302622797,-314.4856534960753,-415.70350990521644,426.3548608588279,-540.7396896488507,16.582000899489348,-30.92031264197135,-389.7987456721076,-71.1598281958469,-64.41188341451783,-136.95683527005224,-111.47588344756323,109.57417653397542,-89.7886943613009,-308.70991198590957,65.6615194632713,-29.81269121321469,-166.32277464782405,50.69201261081559,-72.23889703711436,-258.06842188934735,9.317835442158229,76.87762739514065,-249.21714696687286,-174.20092979970516,149.9732598483956,75.61533750955265,-124.20306362137403,-136.92806513594013,-206.33286635508853,-114.86278538460003,178.88842878633574,221.8539526143745,-115.91561514286103,-296.5983462098423,-493.5032794193506,-470.8904760137324,-243.06829857502066,204.31011088287858,427.7460954794958,567.3125787784464,587.3360645970574,-9.212390558234375,-351.9820197456846,-533.0738952425221,-890.7596200164099,-877.4063231767334,-800.6813555454643,-803.9995651621343,-720.5835832253324,-328.59010561634943,-173.1013759961351,-116.60073384298597
6.3811889998565015,-9.59113198752279,-8.76710548119626,23.97741411133549,-23.58669757741781,-42.19426985192271,-41.51946166440681,-9.262084227611409,38.321672995675726,-205.90013014138367,34.535214147711976,-16.617103485527878,-255.02397410705203,242.59574779867708,-79.85544277147048,-89.91609194941563,315.271637485949,-174.07003586244173,-99.31499229351405,148.42187101506016,-125.27040723519526,-17.198833865366808,119.1207782130181,-15.465239466426835,-57.34068300023853,-84.97177943372034,-6.444416686976559,128.38469517485998,-22.847239036441323,-187.10107174574387,3.0078253737757397,173.66155695618943,4.370355310832232,-166.0690476773138,12.037502047605146,73.312343599681,-61.85560541906396,-28.336673519925938,13.29522065427011,-62.32943222171433,118.47036206668457,29.481726078075635,-54.34075203406406,-31.926079745505298,-56.79117494793447,38.54232260973785,-35.12162798629505,51.77749558482739,199.93063735958785,134.21191556606004,67.88054422137996,8.410099796081091,-182.92987884675276,-121.26589843149753,88.90343205880524,8.94796818094941,-47.364495179210884,84.13646280088531,51.94453953622105,41.38657995606033
5.09763798837039,5.67714215317749,-10.588049716645846,-12.617637517703072,-14.470713023427134,-11.779674138549053,12.049153536436389,46.89172786163521,106.4343516901315,-33.540163513454,-14.958400214153857,93.24990449255887,4.860882640360305,51.19726631143223,66.8291646407812,-92.16721056741748,12.471086494426945,41.01575579200965,-125.43667905438167,26.38373272416528,208.02493224473025,-134.375374416889,-83.17842823024904,176.02740821415458,-51.8407997364339,-113.25051997596182,95.4243682461503,84.40979433586611,-40.9224066447367,-99.51653500546037,28.3568545572545,102.38352468118693,-18.362226212047624,-24.611137976134398,-13.003136527702647,-75.55293837748223,68.30888932335186,36.66502709033248,-36.533630909793224,69.86133329246913,-114.60071051580704,-15.571875149587195,33.59227178982087,-3.7574714570887426,72.87791083322016,40.895289084696586,-111.03604393825668,1.8681492067011325,-92.43106499066036,-18.06477373991607,-22.731587094491744,-30.96000775284718,-1.8941536833406758,8.375133456826184,33.667508303672804,-10.911492241362666,-12.094930107145071,28.34094610552067,-22.934286853703263,-56.83584127754736
6.404430542991944,17.790552264257474,20.436983749662343,8.5432479252202,12.086706343072844,21.036569257962206,22.049994603082173,3.3100901006293477,-6.312373424703408,-6.380626265798867,-22.928482610080287,8.92185931276717,-7.936806982805995,-22.49108689903378,-6.70979185176748,-16.99787095751858,-3.414214697674092,15.180674140440878,-3.8447673440245573,-13.994353847741296,33.42352844315241,-0.10471452737779785,-48.25429957069851,15.063860511028867,69.25416401605095,-28.21239133755455,-87.24025459236336,39.490057922079785,101.29916857949752,-59.74631908646622,-130.6000361105047,62.0206094942302,129.32913169510786,-48.050019716927864,-76.29521603018807,-46.124214423290276,14.731082687895128,102.95335906304328,38.99257431467615,2.494457856441224,-126.84168442671233,26.127388283674996,-22.296047094051413,23.834015178615196,64.31270043352563,-3.9929674705901315,59.295202434878334,-14.266024158944994,-2.6001300191670733,-41.554735568045224,-33.07844514942723,-24.474052650137207,-11.0202570795913,-36.94584611939337,-27.209055458827727,-11.570411622574644,-24.158855500957536,0.4802058999605392,-19.449680185275927,-19.158921907425988
