2149287415960.9666,-27121888486.201225,-458260442781.43585,287228412872.4619,106807620926.36282,429505215768.7397,-562636441636.1143,-166695527092.85144,296597982556.6263,482185356570.8519,-396698496116.2668,38801248476.37417,-194878341006.71777,-399976861506.16943,683590964587.3185,-181520326573.98978,199659194768.12952,342459125973.52356,-675171598821.7877,1111526189387.9148,-208684584826.8551,458343843365.1176,746293129943.34,-333142445860.6949,248053018175.28464,-724562959704.2523,420204135164.3839,284109239075.06305,-526210794492.6199,-43519726069.88951,1080401520477.8782,-631039215340.6433,-77322747811.54224,-168496965731.35425,280035041280.8695,-369075198793.5112,106054469123.8597,139092531249.8666,829892624309.1083,-180676486843.7779,242865831728.27277,557062261382.7067,200385034232.21478,417829732088.5462,322245309657.3258,230909700604.59235,547951671439.2944,635653547036.3585,353472544625.5529,-147620926324.55487,406305390791.47437,1178534292413.4226,825772944518.0355,411594234465.2741,-391394915130.0572,-703453490992.3352,-581453537010.569,393528160732.44104,173146721389.51938,3921708447.7556305
-551207758682.652,26434619250.68844,-918614148399.5975,25433740372.457844,353407662821.6462,-385550146424.1027,-166046211149.87527,865751008622.8413,-315520943195.43585,-33685370563.16646,383015287347.80536,-390283904505.3341,-878542943364.9844,680124967632.4058,-108604675244.58356,-551296936628.5935,998597207399.2264,-838071326670.8326,869178541786.2485,-446283306690.21246,-1257011265299.773,1527092747421.064,-235306788764.27267,-731684268547.8578,256962049851.31558,-1425496965567.061,751451472751.6869,-655704579251.093,935787287538.4336,-470942724318.0815,468599205956.4358,-278054414799.47516,-232055137760.38058,-632720247829.2389,457956875239.667,18382354872.872284,-96948363452.28716,139890948690.63263,494815290057.2287,213517913882.2869,-575490830992.558,-828894359190.5404,247259165574.05356,-62923842419.43377,-722049663960.2068,-1324586714738.4136,-1078117435494.4053,-492739885962.21814,-663542236986.0359,-355411810828.1192,9054363725.789139,-125161651940.64172,-20135690915.155193,-177700426872.39825,400366338510.55365,1387449275574.1233,776985303753.978,865430162638.9109,1307036471940.1572,994610630193.0698
515674294693.56714,-477462311425.40173,-178979597478.6634,428082053863.47986,362747211135.0093,-233576275709.90115,-326861038428.2424,-113456265307.76524,340373562595.986,-18501736395.586124,-310196021045.4896,526293882961.2607,-293273455477.7196,-53377451471.06528,156290564250.40024,151859286853.50037,-268147349866.29987,592489876366.9949,363547911515.0052,-658917825457.7783,474000160567.0559,-421451045949.82666,-362623822710.3244,182052968257.22742,650277353638.0841,-1309575991177.152,1015030511781.9177,-530845281994.28064,566322956234.2682,-346762793289.73804,-388679385347.0252,43555144510.97013,-94232677250.69672,110274211024.0555,-145075107402.07385,-60694608738.235725,-17156814871.14569,-386504218882.65533,-362049322891.69684,-138984873307.5184,-297904483897.5162,-711549563222.4445,-438812296623.13153,77789487255.76175,871195118321.7533,327481562143.18646,-680725484372.9487,-232510603788.67944,210607954508.48947,-228896295365.4486,-629022149101.3057,-548104688112.2916,-62670046013.35336,-459661926407.0557,189128213309.45422,611093404625.5706,915927866184.1531,453559808953.4251,2051146297182.37,3290803806126.5283
-1238637695896.178,-165361540276.11707,935839962162.9493,68723689249.41753,-137466411497.61282,695203631541.106,-1279430667381.128,-2966198857.0751038,470303426454.113,218128776485.33603,-311059164942.2633,1090990970316.2589,-1099213855516.5553,-386924322610.0347,198327252963.51312,-247899191879.89948,350784122907.255,587337603876.2672,-802872680359.7115,762628413431.9501,-184805418841.6664,-905382901881.9668,1627897550649.9143,-1513745592332.8152,1286679771483.2373,462023346055.551,17166670987.574623,1025823593955.0033,-540022051582.8432,1098447142914.6477,-1479595431980.792,487201421669.0813,-457321162980.99756,1615944928895.5369,355064740875.37274,860710883385.9879,766366457735.3204,-118182815222.93137,61795789037.73076,-196120182719.33447,761332414686.5848,-231904461741.85126,530459255255.5279,352452278931.5019,26033295752.081287,658626006871.4987,-346398795158.9957,-642859253967.9119,-1020889797722.9033,-389316241764.3939,817400806206.2675,217748369455.55185,34451262293.31811,539790856857.2247,-495834698981.4679,-37448647025.56386,294933322614.2142,974350424881.3347,778851692776.3127,1233088055467.753
1205798709229.098,854364445248.5472,-310323519600.83984,-290776730969.0781,437014526468.2484,561731738960.7743,-957749455494.7643,339457760002.13513,338407206182.7054,-736090450646.7257,3146942432.6104126,827065121371.8981,-430184638460.18365,-175799432696.42184,62883165107.34574,-224317711814.7224,6320385316.318259,474335354959.11163,-489648206283.39825,1345020178409.6907,-496751605071.008,-100716607001.19725,596389459509.9197,-313030095207.84393,140523921485.06836,478367836121.55524,275693498037.8861,-152182889349.84012,689054927071.9869,-747962978135.2302,330715756614.21826,-377212229436.85364,-277781021750.1391,-47539497856.43864,-192448782085.77185,465773824389.7771,671341376781.1547,-541184616023.913,-63702806377.14282,-318100720917.4865,238422574170.1375,-24730517875.22497,266500219468.66278,434794317097.22046,-1134972066.8573837,322959816292.0078,-162303611055.85538,-1331971059724.6711,-856430405159.2164,-262496723206.08728,-354220886808.38354,136460969870.93057,87193782848.76552,313672358749.741,579872333094.375,-80367255760.08064,-863814335304.3896,499884626076.60736,1358093711442.622,-132374301260.60367
2104869230059.8777,-1707360077246.713,-554638121464.7466,1284905132902.0657,-517869279526.32104,334295476309.3495,-125450170948.42517,5310210545.006828,-930802172919.8728,963627642683.205,-40125778278.287,-328828076600.34595,-221001775212.63516,-26296364144.28968,150385278139.30963,-794285552042.29,292901760470.85986,-66683965305.97582,-306855964155.8087,1632125684290.3628,-449185518122.57007,218340278819.18942,376295427280.3266,-285546674554.91315,-496426422947.56354,905360312850.8173,-651142331596.5548,401515384294.4051,444708337085.47437,-350276167297.8968,-348104896975.0535,283455702231.1187,88533964425.54886,170388296185.46585,268449984275.55933,72402012448.98138,1052391118608.5537,-192332737983.98248,-495214887830.02637,-394825384118.08057,-179718654222.0351,-360509514506.7946,-175638254993.3545,61807012469.863785,232927217519.88702,-408373845837.70087,-525586656815.41974,-1203888004438.5513,-271788935797.96625,34364187814.18738,-48577494280.24257,-457657319550.3391,87154481445.97638,396572834015.1695,-676262440444.6893,-679269774476.4753,40069250019.01407,1350579929472.937,2847041858596.401,1142533642591.7783
502035722709.25836,-1118376815759.4114,2130095499653.6714,-1176876789887.6282,39859647759.48761,120911094533.70212,390947308929.4201,-478823558129.8074,-223511201208.64578,314247656133.745,-392193645808.5355,1171137727773.7783,-533717431826.7094,-422150420874.09503,1015830822471.7312,-1251079641696.6042,1541321923176.674,-2381464874721.698,1400733623516.3289,-474209161818.94946,1227208522891.4365,-492358602915.7501,396351292449.47,-356087586876.3391,541961301580.4887,1328352750706.1106,-1256037907330.5317,1249823161844.9578,607640443894.2224,-53066061960.2184,337265909138.2399,-774707382510.147,558546093189.0146,-127505134321.78157,362619464871.1168,-700842298641.8708,1317843257643.86,343197891491.1146,259022352624.5285,-662724592731.1145,170528569095.78867,-232386150897.7653,597407315663.1359,-671429638731.6945,-458439138678.8455,-783008596527.8583,-195057045623.7913,-135107187960.47821,-119309608748.98776,-479176258875.0702,-364377076479.18713,336481600754.22046,401492868221.5,778480640616.8619,1287002711706.0195,641586842237.5767,202278651592.85913,-184136764653.71854,228338648319.31192,675226680157.5708
1462895096469.4312,-343740723900.611,31673382351.084152,127701382873.6733,-393682407751.5962,-137063496296.11047,510657115485.0579,237515062504.02277,-572492508925.3345,247946232258.3377,-372119834148.86456,880881960362.6461,15920303633.424236,-216707672647.02335,-513508891500.4257,635168644228.147,100570386062.08551,-1028214736105.0518,1323059048471.534,-1134836915713.5889,939613226408.5433,-199879714044.63455,599251146314.4198,-2056623908540.6218,1149768734476.657,-100778519019.62064,-583748327457.9373,956025326931.3707,501046528864.26575,413337825123.9862,-271250457281.0524,28822080431.242542,-420137570240.0828,581612643003.7372,255175806513.82922,49379112815.054245,324787211997.56995,164409312917.97974,547984178894.23694,-458162980337.31213,1179021259572.5432,-287653471949.83954,477387771669.0455,-132026754621.47192,-386619057684.076,-371948660836.3859,-588595781015.7899,-1058929843045.431,-362692116962.51495,-108713867072.30801,-166014253848.8459,-833664695944.037,-1178661088490.391,-204997104052.5212,461790394717.50836,593804016097.8767,-1428617462211.0662,-89827496702.85078,1210133155758.3022,-220470128194.47903
-40325788025.19568,-865405509997.5667,1189877855841.6787,-707093576429.0352,-371999430264.7477,-27004400747.088043,-243104110515.56235,1123207934554.2258,-515668386885.05176,-232460983528.47388,-151526846981.9708,1133421939671.5767,91577247323.3087,-157837885487.70026,-1055778341191.3643,911722672931.3159,-579225921212.7026,817197174975.9128,-246240895497.16446,-2018654817208.613,1043136828855.6528,559490660923.4175,-882520436223.213,-307534405111.9497,-2040009804588.0864,1742962901636.4282,-2941587692594.418,-136340453792.50436,2325623241267.9033,-1779986433453.8691,917041171095.0879,-1480649744033.107,-5924848017.046234,1595639390035.1104,-685022828306.3257,-410806360574.87885,1769358748588.6172,2060304868141.0618,1910297476003.4353,-1371949439575.3577,225568232541.6698,-629387025592.3384,-426370985032.1598,640083072491.2015,276560487482.2562,807463991377.6671,-228675855604.57153,-488734556722.7567,-168212026886.95932,-784592864331.9426,-397327852704.0061,44833338686.04411,-480649900958.166,-1801855701753.491,-1026575280008.5656,279901583860.36444,-1285790231478.0251,-1560116404518.1313,-770147086213.0287,536942224093.48816
-254307080491.19388,846682039857.9661,-254812699689.59796,749765743145.3727,-1208404932245.003,-445780992747.9586,550722182556.997,77121289754.45407,41854481867.20267,-705556532919.2473,744755722210.8442,1007662177666.8186,-532707967318.2309,154217966668.33337,-1180563305114.9907,415995648139.4054,-153315770678.65363,856930503982.6635,-774074702039.6292,96905943594.42358,606001386805.4626,418584761837.81274,-339122902168.517,-115658789235.9556,-826018832129.1537,855540934706.2269,-150498958699.76788,-1596497574144.6309,4588628441512.827,613246334564.9296,-484734677798.958,-1506540563837.2244,-48068658712.43788,292521951212.73474,-17267908244.679497,-927592028557.0206,-504617632753.74756,3572778477080.2417,3677776964924.7217,2550909509887.121,-1720045157467.332,-542328889342.23834,-393868834182.06537,173291368741.43112,-294937818202.2928,-161535767631.461,314509957445.4712,277073706903.95166,1260886682624.9275,1170615718898.457,268596559426.86874,-608972177393.9281,-930772098232.9121,-3333209126126.279,-4166452689902.806,-506309452109.82263,-30676213059.56453,101175672738.4043,-788183050527.0422,-1057895227682.3231
-1409389314394.6191,-107858034085.69894,957943882041.457,-1464288786064.5056,89089509300.90309,-120163371884.416,210442157238.77988,-260444893563.37262,90142476714.17801,-333365996865.01245,366095786571.40607,598595589234.2744,-316319624551.47156,-156205011139.03302,-427605241241.0488,-188764529454.26688,205107829130.62808,-105032953605.40718,-821810409503.267,448111833557.75494,91699099253.29355,203188868172.2981,700827382644.3403,-455607482931.53156,-366910013371.8932,1440684609351.3718,-1676620182333.7898,2000203259679.908,-3135441754760.4546,6852945672016.742,5157858711401.861,-1061198336435.2808,699438144188.7246,151945999355.71655,513302050236.91785,1291293338936.632,-809202247938.2466,-735431757045.9253,1532553153493.3948,3778962156161.5933,1811544073347.1084,-1411527005346.9932,-1265801610319.5183,492626166208.03375,1174565902760.52,-20221147058.503788,-699788890668.5208,-2038777242948.7163,-500138003138.53064,1389066221186.763,1854229574630.4692,1590394096344.6113,-872348189136.5914,-4800796387886.947,4201557530457.591,6873856247024.986,2145362049453.9893,2732146160031.0137,4614963583712.841,6438188833212.054
-316678782476.39813,904251657920.8547,-694170156114.8263,-557996022791.8196,-54902017224.078514,756790150875.908,-682507828893.4503,53932826508.341644,173996670571.65375,-249531760594.61304,537241197551.63574,-129077174674.1322,-211175380366.66544,310991190638.51733,-264233465889.96677,541271197894.3671,-971073476977.0775,415513114762.05566,102186764233.26619,1083963567530.925,-696792707292.4587,382753507722.4227,639616826494.4717,-458264440613.271,339970267163.8115,-977791548319.501,156382823115.48642,-414895216314.1867,-629596485517.6774,-2167510792891.868,112614556345.4067,895152271520.4865,275140182595.8132,319014322075.2343,91226344710.82092,523671431815.9586,-513498587401.4818,-2147200439096.0156,-3968493601084.417,-2451559175152.2744,-657358923089.1235,1181908092191.1807,1358882838616.7424,512937695528.99084,178108381087.2601,-665467695389.2277,594507755865.0094,-241973907593.36768,-720469517967.712,-359894069845.3655,-508526112194.7072,-148829295124.03308,2985912609455.3984,4366589049662.73,1252903574674.0005,-536955176209.9752,-2475324232990.785,-3289708253766.177,-471207534022.3662,540935791694.40204
968945754958.2057,168779774370.94174,26355441726.26663,-209824063394.9837,285853990997.89557,866136301491.4166,-1062442276352.8666,-99605557906.12868,277833039956.0437,57731469094.88944,-398526070013.2987,209366383269.28085,-354635927319.84644,270860066410.70847,882212158532.7104,-528779958950.3653,-1052551392186.794,117112632548.67706,1925592755896.15,-749923479037.3828,579384795175.2366,768591222264.0035,125247281922.5924,-614060843415.7611,-568263224178.1199,1301392385721.2007,-802075314969.7506,673731243042.2032,492189128344.79236,-177766223750.57385,-110011659830.63486,50851143049.94275,674546532106.9155,162557070751.89917,-150000510596.3607,168569532029.44293,498567828957.10974,647625391073.884,266540454248.5946,943781396708.132,-314822165475.2797,90844619294.54182,-23888704803.335785,38156504875.16228,689814730360.3417,-1034067643738.0825,144154132515.07635,-29453779754.54194,174779865517.07843,322083490707.44293,141480075981.26035,509980105.99284554,1475789161007.6748,1444365565327.2937,-668922582882.1128,-1390551609349.1018,-3364619680155.706,-4578546968802.216,-3346249432025.3633,-3335212625951.408
414965175470.05896,347224573203.58887,40502493926.35104,-1115446031703.9836,1099438733538.6675,-89838259441.0214,-635078241768.8632,-344180622330.4821,360457308888.10785,-265804654992.58075,147917554401.51556,-182278857116.31235,505021210388.3022,-490857226597.8564,1100388336209.5457,-1476538074622.414,427922549495.6996,148812130461.47366,510902910016.7003,-679306879887.6146,9861785199.431284,1238941069768.6543,-14169043615.20367,-395229053401.3065,-411708486092.50903,1069395457924.1033,-557953562243.362,-39483987788.582054,249698731764.92868,700498887879.978,-256879349134.06662,95675644877.49545,-874493198372.5168,384783648640.7808,-313332411608.11475,650966602678.4834,-1745228634064.1663,434077643293.40234,-905049372486.6299,1101133467235.9983,425257492530.2573,201071531993.44678,354130311065.8571,-122293083327.9949,658722715066.8086,-551043793683.8688,-144279992189.08533,363181445035.7159,-80909824812.11432,606265003730.2197,462526810337.39484,48531314185.647865,-593140311935.5234,38038223914.813225,406575406208.354,-141939200310.6945,-1786840261901.2156,-2545785476072.1006,-261503697472.5288,606214086475.7134
-749721001847.5475,380088411125.9047,-146113410994.37964,-53249801799.1355,214615580178.9071,-377641244647.5683,-78884938557.80101,-142057504962.7797,108455932445.95705,134916770558.65765,-182996277516.1033,520099546584.63794,-317008927504.0455,-155542443356.09128,216452497418.41635,-120033436168.62909,-26742264949.39636,139131711804.77798,123231262899.29942,649533959702.659,-299577779265.48834,637144230796.5983,-265947957399.58,-497844037507.7013,595587770706.7081,-11561760788.45771,448724486074.1649,200357446670.93616,-611516726003.3976,575624178670.133,-661186733956.9269,1239441550286.9448,-40040602418.98649,635873171831.4645,-650419886874.0941,362915470272.7981,-787155638254.4261,393412587914.09155,-1591687139193.147,-374575297878.1363,-616455280328.6667,-139628416161.6945,-189296541289.94748,-204007205365.3562,103928905634.80806,176257308804.35278,-431168216613.8301,-176617308751.39917,-81557052707.15834,135169545071.97548,-728334114061.6693,-746406681316.4331,-680399389617.1976,-559098484960.6326,-677196500283.948,-720678485222.7979,-684994322862.445,-866616420664.5223,578880443958.8267,891602706584.0181
237451731983.30078,-1083331584435.4543,531719317085.2844,288777925292.829,-78306631755.82997,-161160681834.8335,-688803571179.8754,310429129276.8593,98749844909.32928,112346746032.55444,-63444488195.37634,-375090932122.3323,805884158654.4276,297912060054.337,-1555683377965.2217,756481396338.4214,822305239748.9266,-622661376959.8593,-27243470508.905533,323902069365.8939,1177281365216.7239,-454054177089.511,-419695590671.13214,138967775002.01544,553553206602.8044,-62640507047.448006,237789331368.17578,158635520443.13547,93238714348.48665,210672813915.2887,-434847758897.70386,532912188937.62854,482789188471.9419,396997761241.16156,445496402150.9679,-204740513248.09067,-146360065083.1787,-187853370241.45972,-1353864940761.7043,-955548047988.8123,-1328142053186.624,-148192100049.57196,-480699157382.88513,-11673962885.449684,-88453860797.5173,-27211969069.20575,-911344245862.034,-470486634427.2819,-76970175808.9743,456806462830.79016,21295402184.48217,-295555192089.5459,-682662989619.972,-298447485659.2531,-624459715457.3167,-1089742819552.2997,-956842349152.3136,-1333321059350.69,-1071529700394.9357,-1003531316945.828
287046664162.81,-602742400247.7941,783620281569.0029,-341016681048.4801,504803429153.03375,-869895301289.9954,408990526174.20795,-50857839106.88096,149516569224.34946,156284834353.33624,121212114587.18504,-798004772515.923,571613722695.5023,-241731063065.88406,-651183818867.5397,529703752137.8607,264751737198.73755,-1098642648563.4941,1486758445692.7947,-297716737886.4738,429285718388.50543,732193316377.331,-1528258210520.3723,116472489293.58453,462322418902.2883,-138937691184.28036,-268767931806.73877,414626269169.4948,-242920497264.8023,94487577143.48839,57761908363.50242,84266532426.24321,304527221977.4168,-256423403413.56134,517128045948.3631,373918558852.004,732521681812.1017,332313745298.4301,-58099350010.86886,-814458001984.9153,-611458306765.428,-637242405069.8475,-117784035915.19916,-4414124346.256343,-63361739663.494644,235830698309.54477,442302224051.6558,609162075897.7466,133784558495.63281,-58218727934.59438,-69768336147.84467,-79279159437.32983,-586440539113.1573,-494002066989.6389,-90583231369.27292,219989989300.27307,572363160046.2256,524985287215.09393,-1049146957565.3657,432227369230.71704
395515152514.8502,-419938853967.15485,731629756155.983,501395239731.707,-672728140064.6547,-94543202772.78607,552389731658.9059,-214621724904.62552,-406942397715.96497,597004805374.7817,-399546432885.3475,127147430769.4166,756334139950.9387,-757945720556.7633,-480914666960.51135,1129651915728.439,-61955745840.632965,-1196567443618.5386,935581367508.2756,-255576574600.27344,493680042184.6108,-48698205374.20438,-425530736017.89435,371583220054.77264,-206507500760.92346,42736678139.81183,-838841067266.8014,-282081153724.3235,-101632467490.19879,127728817908.08179,-101174179149.03934,-498827293641.28424,11624512235.18647,-81560439635.02565,-351733292876.0875,-87474914823.86516,-9847302295.83265,98058095612.21039,-79644809623.26941,-439815521463.62866,-80977395914.89203,647693036822.78,568938334651.5833,88124586265.91277,-72054082497.62265,180709318549.8453,786930523161.7002,561546979310.3696,182981797877.54037,-205784808208.978,184774156170.08786,356563096686.6118,40608489281.364784,-771873160252.5546,-424979942179.0987,-439600458017.7017,605194711815.2905,-998184176187.7029,-1213384530847.3804,-271796486558.0253
659758366048.6365,-750604459461.6862,360585043375.5045,1695528635165.4297,-1562359349484.4963,353008631297.6533,453693346920.75464,-80757291663.28464,-214745516208.93054,-239253797450.1846,-255766803543.00763,-225470955933.663,1085559144732.574,-89661770297.80952,-1220334527898.5276,1334354990127.094,-985172332193.8232,-159031870540.29126,972405563366.6454,200606132777.3571,130476229146.27773,-137747609716.92294,-159729828986.9328,-987991602613.617,1106858055483.6895,-1007989944293.6788,-98787799366.96608,-352524597243.00134,-412494781739.2802,118550056119.64856,-536730417742.7884,-401738975200.68835,594503884284.3146,778830194116.8525,125338710588.09294,-317705682307.7535,-395818671827.51587,331997518197.93646,348477828553.77106,-109270620046.07187,328220731115.03687,-125708758993.9124,510017659578.7233,336264090295.5043,-283227712166.50165,57766654176.210175,609221494498.0848,-256995765171.158,-77751646659.84634,73682880471.21675,-213319875620.6508,-242807169034.40732,261779338398.6367,-516925957450.083,-859332198675.2725,-909207388436.4408,-1776088284617.8574,-1978288301544.0337,-1608296614052.7854,543338718211.5568
-187255515243.375,-586175438585.4536,553023239688.9174,267480803715.97708,-1092734666390.7667,885820368244.4746,-875507416879.3912,535053209223.42474,904911561336.458,-945279276900.7007,175482381398.326,-159307819654.10632,676579971715.634,-824653899185.9011,366666960506.6967,-278923464475.5008,-88375537315.19933,635581306506.7302,-1008809332731.4762,1520155845722.8381,-965715101657.5156,210597148723.6346,-36136601852.87426,-286090237271.42896,-224246894625.71143,933890507921.2383,-659593211770.1918,-814648744947.2654,337319040048.3949,-565141426750.7698,365159903859.7095,-1344390836304.1292,-115803524106.76689,96097413066.42313,175719396981.95444,96360844900.61884,-673772928321.9092,-128161186086.77997,260410322007.1865,259594776900.32935,63497283324.32172,-490376085224.1865,-347667124033.5221,565716636734.2628,-73835451784.72232,-513601914541.8795,89549543042.86777,11715134597.644741,-403931988564.60547,-81691037325.30981,328493918520.9205,-179094464604.2299,235750132935.96317,-134720536915.50748,-176511605645.72644,-77881701861.84323,176675175200.74112,534292629297.6465,-95267797597.77771,1016309596725.4058
-1110222892790.4426,538863779314.1914,203568296197.51178,-94784531477.09557,-938489950749.9475,380322027368.4656,-163217411079.61765,-200900341821.59137,545994491793.3755,42286805089.96896,-467841016538.46747,608309448949.9543,393227501773.3409,-969878513889.6487,-131396957164.77293,21029780271.369064,44436095444.240295,-610637216801.3032,456392076473.81,215648461424.0975,829081644218.1311,-988337958469.8682,-724298520234.2854,468493845139.22174,-648376501990.8561,948313393452.7014,-47974571739.13254,-54917275772.78468,-463661624427.9543,-48746533140.87341,-10372329047.048523,46879799888.99441,-124408479284.6632,472365232365.1593,153674693230.93744,3453460240.9621544,-407625874725.73804,150760812180.96606,679407604197.237,368214865723.5187,350998575943.7379,562179889009.7643,55807934844.74982,515271511232.89886,19905900314.96797,-13961821974.644703,462678903258.3117,-167503698642.42142,-506780306173.3102,-234523355499.8692,463283266947.3095,13894044788.031082,-330134684083.84875,373490091300.4079,295033933614.65247,29616162631.00533,499445425501.3583,627944538426.6241,308929699540.8772,-173534759075.06705
-391868252088.7251,-378885974809.80676,860831882245.8353,-213523634086.67578,-342862774617.22516,722038196527.6918,-626775634127.241,263844885766.29703,-182602718118.47147,368555002941.7996,-350294468703.7112,-269052485899.4898,594278663326.0972,162065377093.9927,-630815198785.3735,325273008038.46564,-359336493238.8206,621753836797.1046,-597375211710.863,397450695215.05304,269791368078.42252,-3629387724.7248726,-99459377732.89897,-617908361836.413,269432450579.80307,345627222364.61017,-632236971203.6307,1151883702119.7236,-810108034866.1962,581010216322.5658,-288490428882.1548,177337744244.02356,-408179242408.55286,629232036096.507,275002331400.714,314212195823.50415,167109426291.0015,-45871685633.34563,850231357806.6361,-2922212356.683361,-30071570402.027504,-148055286138.6552,-270693862806.6773,589535360267.0583,217922325975.91156,34878956767.02104,389155843808.2977,303892098071.0635,-228488198304.57455,-240295608146.13696,-10117565804.972298,449747264683.35785,568174020497.0726,436844955202.80237,95271397369.68787,-653909166149.5767,-416008675744.007,467832127617.4717,1860500244012.5845,1561371973883.5105
960938770540.8389,-375635882330.0596,150814639511.1502,-274788058240.06146,22793335944.003452,746797203102.3225,-705827535478.3392,650784058037.2445,-694787741951.3162,491913506761.7874,-486024979152.3905,409615683198.58716,15207958874.709595,-170450913420.27628,10471073703.843178,-521956994178.03265,541076891142.4784,-90923950259.77188,-244998848919.49408,518784647709.96893,38215484940.43106,-266983551970.38986,-133152013.69057465,-367969463916.74896,-259130700010.0675,521139375500.9322,-1076097271386.5356,745608043572.6421,-1474464887213.2163,535248923552.3944,111130850133.16727,437276098265.0259,85875780713.19138,464154907230.7191,-217021564027.4001,694608819004.6354,396104637696.5177,-487904044338.38135,784138156642.4204,353084070902.28375,480817149917.72754,3233363901.8772783,91240860789.52985,374714051510.3849,406096277947.0137,454880594970.7502,1082071536006.5819,1066333370442.9274,-125603168618.31712,-511007518451.0955,-12818040296.088272,549634176401.6664,644730862542.4852,224679242035.87897,-72536224527.70593,-17148831614.6613,-38172014521.10245,515324758272.6347,1453950652630.0298,1522106927313.0955
369184225949.94214,-58778674511.2081,-456277736873.0185,-454152659948.99023,48238153665.51331,1039230858857.2317,-1137515279799.7698,335179940298.01294,424648170765.92975,101094546343.59427,-389803366434.9009,237660304575.2953,352845889919.84595,186745469502.49127,-825849459274.7946,-445542807152.243,1218592176578.7764,-1047990330411.2074,-1105117656029.1062,454327412577.23456,795776316919.9313,-1907096369607.9636,311305690411.51294,706346537404.8867,-1431143597290.2556,-16800164508.928875,617835536067.6288,-2477273072934.2886,-517537950191.7079,-558686428223.6309,489807889806.0228,140078264379.07648,347165093990.08374,461524746916.11536,-160444916049.95218,1024271995226.7782,54168077180.15507,511339519968.8548,61950136924.353836,349826399335.74744,122939377993.91428,388218487204.57794,52424851766.74802,-122355448706.70361,245851293434.0883,-162746358522.41434,97849834742.56248,-191383604331.26486,-216194184312.63202,-459265178130.7007,105544085666.74689,537571889720.8797,71279397897.09534,-10103085590.037144,-113942216131.30475,73233699317.52766,-482564615940.6116,-406184862356.6179,1236565275362.901,362135505608.5758
-795183905206.69,464237221009.1211,655260387478.5095,-968615580732.001,419427844599.26196,64525303591.894066,-361925487853.4492,-138586469555.42368,461369486093.6752,131405427909.29312,-435168938894.6505,-342045989781.5991,900179163560.8478,110957240724.53851,-664857288501.699,-506748299423.9347,980590660430.59,-548712747789.9625,108194682432.3599,-559368755943.0499,350565250278.6054,-256066016152.94638,-948039689818.1179,1115961750966.4194,-1409759170358.0896,624642635350.4829,-16695524301.90696,-3475737529069.684,-1681474520055.617,-14392657070.504967,-245764730518.22833,765879944484.3618,380973008387.4498,287526129890.5899,571239685517.2651,-460386234623.0679,437606236474.7376,40831745210.48353,289785413500.4408,-173246967593.25742,-60806707426.16082,234412070957.04605,251597294710.78046,-62126749547.58171,335383142390.03436,94252427767.95189,62172330525.12157,-84758598675.49217,-273884527067.6911,-223500685004.16702,66407605596.67641,301383673149.2029,-12745009251.403664,278872085854.7841,416830950912.2632,-266040093564.32944,-515997711044.43005,-268243974618.57324,-1235168896140.8794,-728586907521.6654
-932179616209.0499,1111261063570.618,-1280683312670.3542,681273420614.076,810295416735.5765,-484834776119.4308,81830355378.2764,-64295978122.1154,244920018586.4194,-107433184528.16241,-98862034078.63206,-620919553302.0626,921579830945.146,440685460707.4539,-946454753353.8464,-136466350394.64636,257195933250.89767,10619493292.353329,-191638289951.74008,256571139329.30075,-232383103810.5557,363447325938.75745,-635770153795.9092,-2057400261657.939,882678271768.9304,777108048838.7521,201341985779.27692,2405304177775.459,590743546827.5779,-1106995508695.631,322541096388.8531,209745629825.4734,11594365329.364878,-145750954172.29947,158150290050.7545,78730537170.3064,-231369015765.4839,57858355497.28544,485239384793.65314,279323411604.7067,-423280884806.48663,-719197265735.2478,-183726353694.84006,-398516813648.5575,49270941290.69258,310472406273.5041,479306999636.5166,187889223253.28745,-20074009717.7473,-42018133928.05542,143737092937.5003,146700538363.53375,166149656337.04083,103338544048.70827,125898633235.4856,219056499258.68732,-288555729391.19165,-945452541734.3832,-682019685680.7467,-804518901875.8794
-276778052592.10815,850079784876.8126,-678770172472.6459,385189593388.4993,-135052657020.9556,258353650256.34412,-60279571719.169586,-224129344726.39023,262607142119.19846,145418013414.11896,-306479175568.5877,-746332152503.2823,430179619264.89386,694984052638.4847,-582316474088.3983,260602668601.67377,-957101045584.1956,357236559394.8764,-78375667006.03151,162781052311.24176,-98440169948.71399,847584681710.0652,-326490350646.88666,-1489107769836.3936,-322078229616.3463,697761354261.8073,-92796378281.79639,9134990233.484001,1124715120471.5378,30962653980.05591,-284304719308.76385,-15746186998.716255,299762289665.70123,273528830002.47476,33073752334.07764,-77392092678.48111,151025078873.49973,-74595223037.87778,-85201761443.9327,291250786960.8777,49221937824.194916,246856272317.57407,370591333751.5438,149320998316.38937,-273869272938.21625,-155480879736.03177,461891761617.9927,446814588781.6784,-149140613556.73013,-355521184738.1332,-374545512018.58136,-321901599446.3907,-193360463202.14325,-67330530748.94156,-184031046105.47696,-273207651394.35696,1000370682112.6702,2306053120182.7197,511325302724.96735,-1428828633205.1487
749301646680.0885,-126792593168.69691,-254860913097.21964,150606050369.93378,-58132644577.279945,269887072945.40445,-194115059788.96945,-376965250359.26245,245322838469.25073,-31785049663.21112,181608722129.19595,562978019991.5431,-920127040503.9323,-59556595560.53653,286836649734.85205,-153957060586.98044,770218068169.3645,-1220457104392.3408,866026845646.6893,-338476781603.41,-75742820070.55507,801747305632.911,-156864785848.61176,-439963248815.83716,-747547981877.4271,-150955102970.37726,382429120113.65814,-69443168558.28563,-179705794633.04578,-61735681484.70024,-187226115505.04614,-253090218272.51273,-162854393145.20068,152350811015.32776,-118953689504.2078,-274909989071.4357,502187101822.44244,779726126054.5574,551357657822.6102,322328207516.46075,-360211740551.78674,-390693869233.1311,-35268641453.98274,80610042290.81506,-146140503519.69824,-304783148018.8247,-110247237809.9922,-243436051907.89563,-23719864785.789642,297182848739.47754,9562549865.985012,-29741714240.589996,117759265042.13284,-148989585651.68192,10279950289.085285,-64954431602.74153,-589221646692.103,-27487316697.761646,434883453132.16187,-222386009492.5765
-655249311531.7885,303931360471.1037,396305053537.63226,217628641577.78082,-76563888819.2747,588397705973.1613,-728612063530.7914,-302436553053.2927,369546146859.1782,-309796523974.4725,201477639879.53403,147748653220.2462,175953161296.8415,-474656903275.19525,366879694652.2108,-63496147950.081085,-608026909027.6598,534754160730.68286,84325926995.41309,-87492350463.78426,-393903933448.88257,649308751955.9484,190398593933.41913,-717301030004.2775,-527707885574.57135,517706594304.7254,317912810233.16736,-354042238489.47797,75534973395.22896,158799249828.19888,-2470400126.9200954,156037166536.77234,46492755496.54296,-98561081423.02594,-106828653912.99013,65751734858.36364,-147074623265.18954,252078854432.8317,-129743287215.11104,-101094661532.43564,-808896674792.9325,-529547845128.7446,-768854903435.2449,-459982072868.50684,-493437873566.1248,-51866293426.77518,154833217646.50723,229041054030.91306,306841002405.179,33763183036.627777,116300836213.06328,459712328686.1148,609187275857.4277,-375576190271.75275,-510664492694.3705,230238877229.0133,868421371980.482,88387738134.85419,-1366652765654.5886,-1728698765742.3462
-411450150422.10815,297019347530.3067,-103224299186.27647,-224484621942.40115,-251663199858.87384,1019735225982.1893,-433394678970.28485,-317057388351.30817,136616756842.6501,-201464054615.48953,278047379454.43713,752975061889.9706,-523199041937.4119,-1280026125110.953,409208476945.3386,680146448512.4037,-281577136781.4484,148352919050.38535,-19820296062.71675,110139552747.48859,-219512217820.9914,854707716878.5502,-687055376378.1353,-909687608194.5732,174159814786.61093,514486617821.23816,-246094496992.20038,2843977820.1272087,83599307343.65887,-79244871507.45187,320288333231.59064,-400779851711.95044,-397143446296.4396,-91610451129.43863,-455827178671.4914,27101966005.480076,-177161056971.00128,-4084634255.5017548,119835352409.6343,-48166900393.06054,-163753645849.73743,-95306423242.28058,-142525839938.18744,-101722691252.11887,48269887090.53785,-367234218575.72034,131013644038.72937,145399937541.39975,11845164339.195206,-380424175196.0126,-231349518534.67795,-318229898377.2101,74722861246.18066,-225758233397.7228,-403674178535.0171,-152981814613.5688,-421027375183.63794,385777083532.89136,1264263529062.5354,1231931587579.5908
133394662891.29224,324586278297.12244,399083079981.17126,-599122690846.3057,-537008313751.0137,1636366695505.4329,-727845116205.5742,-179536980810.85648,348648817334.703,-538911878719.89465,422702572610.25476,904376127403.6772,-872610326380.3654,-602918012114.5845,1098347452074.9739,-325330227549.1401,19446097595.435333,444984511228.66974,53194153657.73252,-829955269788.7532,589581557569.696,862283176723.172,318880758210.01746,-243458331849.52313,-594008323328.1432,511318793200.5351,307411526576.28735,-358708233677.5457,11466053316.660206,237573931584.71588,238860906697.10953,-79163054737.21574,-127898388251.53906,-439369532009.50854,-375507858420.10516,62012064469.086876,541693280335.38104,-134978365883.7351,-420289263328.75586,-323457273101.2803,-274861822186.11975,179236112704.46866,38480654259.75652,-18752636687.09291,123835450953.72203,383828286783.4603,123105432110.98085,183781694730.62744,700081049303.0677,-24735179647.559803,-810300799109.7601,-936992848544.4529,-549860020947.2324,-234133402796.53564,-1486962231.852436,140090122790.50406,-356467947737.759,-1137033099386.9019,-1037047739376.8507,-107981533146.61781
-580327509762.5898,113410322163.02722,357056299931.97345,-106198894419.79695,-302932492699.53064,748902933230.1769,-398856092566.887,271592339973.10257,-306411602884.4162,18296656762.61458,229693651409.9073,-121438679181.86607,-231360513617.0921,201297236021.8223,-354844683253.3271,-28585746046.084763,274008918883.0178,281647893315.0727,-122060448401.06123,-206784445012.48312,-243830264402.33755,496101856880.98303,-15957410470.971428,77668116079.58614,48016764574.04277,-197780711740.99933,131733069179.97458,69624169377.03925,-544615068721.53265,178539954680.8276,103272033898.23044,-308402241669.1623,97629260124.20267,-381095919462.3286,-726811340779.8801,-146082490155.1929,30718592001.518795,520588502715.98004,288506764822.6877,50099365344.53598,-30958192166.51156,46887908875.86848,579859759566.0792,314811381003.92633,-269815620930.2499,-462027265671.4023,-340179839839.98193,232554533754.6267,174028825481.737,-210253763944.52563,-566455692126.8657,-506301656274.3639,-249327929528.8612,-91462022059.9229,-65255185023.87457,-462945989959.7446,-684394654190.9329,-331455834323.12946,45894033.72703934,309038363804.1764
-519645837655.6096,626668528340.5417,-728984487563.7847,807042971793.713,-562575499630.4736,509211570087.61304,-431596393104.1904,128137230948.71301,33832353998.852535,-234480326868.83484,665058579867.3411,-501312038213.887,499929702993.64075,-554529699651.2571,-417399312405.2211,-73309135007.3492,-236748158783.70734,1134002623148.7349,-446447932597.3309,-936198556660.1603,353622981036.78064,754880224281.1216,-659164085698.304,-509540738022.21124,414898071536.755,413460206801.3966,-77852479817.72531,37443259992.1045,231284138290.3522,-420589184001.6542,-280449087693.9419,-255311453118.78336,-277050629911.39075,-142324800343.79895,-99093051365.4848,114032297973.33134,-76783463895.64365,-34440338050.404686,256684775914.11972,-28136615430.645866,197374660013.27496,-223872451779.95728,679710842989.9401,565270600192.9996,544495460699.6766,-37119486194.19601,139809916629.70416,527805629276.6565,337150689087.99054,-136726087303.96407,-832286399685.433,-728052064215.2677,-155447407297.6368,297268808739.791,264836924896.62146,-263653650077.44803,-677511813520.829,-543058885194.13544,-59169018693.224915,618559993726.0983
668460527357.1387,-484071693595.9102,788615984632.3654,-277667218295.71155,65661223823.0911,376915574500.71625,-287015162437.871,-232852454992.7666,477056922901.5046,-130863847346.30772,-482001949056.32196,76534454749.9206,179585506595.46594,439307240074.70056,-73035919710.96013,-673769045956.0278,45910394532.7039,529687257537.2086,258216991497.03217,-323389791623.22473,695269542796.4685,209843380563.83142,-358224612756.2512,24099595260.11812,-351306592204.70825,385721664116.672,-53297722614.23189,496110626461.03754,140880927981.6687,-310430850654.5585,28164315577.27556,-42757049599.63663,-12401854303.540165,-55094946130.31908,52767715891.082825,164872270679.38123,224328348779.07413,467148560003.72406,491117978508.10065,143286272252.44513,290718941893.313,-46988480810.28912,504400684079.2251,522756640323.1957,482391978231.70734,-6627807366.149597,19192736563.15901,-138328212425.7759,1150601355.4947176,318027190152.5149,-14670805880.260363,-386272522898.8585,-183897882296.49564,226154816442.5446,194284327865.41068,-77862629517.55927,66113306643.38945,137608697154.00168,975195941032.5261,1491036787285.5833
296018969289.807,-215106784156.59503,-357555231801.36566,444835333415.19275,-67555358717.13665,192047214747.19122,-8038967114.732376,-371024219538.14215,553942472505.9523,41726250185.97017,-428897420278.41327,-381846898860.1216,173282904858.12598,922210646923.7919,-173800679927.17377,-848688150295.0282,99022602975.70303,293344245721.34625,-520096563212.6527,312040589065.6214,883246090235.3759,-271378395528.31503,-620647706065.3749,558531582397.5629,348387792731.85266,-1173553899978.7578,-176912334047.34976,570045855706.1816,-246641255515.64087,-133318629313.1995,-330389263170.50714,-317671368851.8928,144974951853.41052,282364090787.6952,331770046267.88464,139622748178.07068,14883483808.109486,205804680100.91577,419212713414.9079,95429126039.05621,-79197150507.01674,306324581432.14276,-79153843383.33609,472947588579.6561,-262848846130.0513,-510723533422.1975,-821352120024.5392,227968967923.92883,446780348130.31396,642046992974.5989,602755995558.5587,225240491201.5626,51068465762.965546,-68179176706.94333,-405745386237.99457,-124917286430.03882,629281805712.5752,1000395107230.0901,454232705851.10803,-313130165143.0302
-670894413107.454,611188520594.9269,-228835796099.51523,-1040081801970.3826,631256374029.2935,-131829881486.86261,61839988576.844315,330768625086.29004,-235831080605.00604,392284086776.91046,-264184747844.70572,-328687420115.36017,-19690146006.96779,830540350012.7081,-467952423662.53784,41552082016.65675,68906864050.4623,-28314035816.93477,-243389166188.85037,96860798722.16476,1148772528346.5837,-354614159012.8917,-439941739519.41797,226824062106.38388,-463526215841.5143,-1136774627848.8784,-714110083983.4092,-475862915231.799,255043244131.96103,-390915896907.565,-592254980425.3602,-246310704247.6632,279795729395.4317,-50659901082.70004,518028390730.85016,293489866802.6949,110238958357.64435,462850800729.3689,461437122269.6331,217490008196.04352,112764540787.62979,-46116762949.11124,332249025078.0082,530120587039.7218,408191037051.6653,93330728521.6239,113545816076.30035,41976425776.44589,421670562377.70667,664999682855.3005,587130720847.7285,425626183033.20435,478935166943.8237,359000422898.66956,169737866142.26855,1022524893290.1854,1518964007812.284,290764143435.03986,-679729479365.5847,-685126650011.2872
305446361272.267,-351878073738.40155,799461767732.5858,-772082243113.5848,540077418914.0967,30012054287.73314,-313422306765.58594,148441100401.87,143394159575.39008,168585303126.11243,-719728631329.3036,-244823361470.04483,613439076936.273,-518350264595.90326,568717097504.3428,-440666719517.2124,55525225778.23806,100811736728.12518,63410770908.093056,282177925046.5492,36583210411.278404,636320521989.5175,-156559959743.27762,-213164444537.5678,1104741413434.9895,-932414555056.7102,-2657932639264.2207,-191385855837.95624,642494711905.0006,53944061490.16858,-38049587142.87592,20728261460.775654,-100744577189.11063,681264979509.019,323927939828.0777,82436593472.00578,559654904955.7543,62707449250.08136,254796016903.32928,-36259278715.56729,152858198434.46124,110420592833.56857,310157220999.2124,417117737388.0221,45232819517.828,27470805547.77726,3648660453.322522,72834709870.5166,245237822914.39633,573221903046.8202,687124202683.4287,523688175227.2857,291138733404.19806,168894354523.8654,225473353574.97318,501519459595.4698,94259090771.61975,-834153909326.2814,-1184401595156.9868,-432633990720.7828
806784982988.6494,-831917570352.4059,735056105456.1097,-457249524132.63904,-181066348026.20654,48906022371.18785,-414351143687.95276,737132426606.844,-18723992001.749405,-228248995401.49115,156547242266.24115,-430232130296.122,33430567608.26192,-442951362348.27,856363836009.5732,149630576263.98236,-1044745708396.0688,342736764392.37463,-138140577502.90866,-71114689461.25844,552358387473.4558,150864485419.5207,209840081795.48285,145717419835.60953,801562618673.6752,2089233549283.346,1346485332855.9746,-251422293096.80878,32970815618.27994,826308869030.8619,628494051267.9529,191666355816.845,-45430629227.03057,-155882808865.50433,-104341504289.19455,49504188323.411514,270446940800.11096,521031053289.1269,148869469443.89972,388158570730.6832,438647046972.37775,426558641106.8515,495098502982.6758,252232107252.00632,-128897705700.34857,-150834269558.30988,27550778057.25154,41769539287.20366,511403779163.5489,367657888968.6912,263015359404.1873,316332717530.3553,424858871780.2872,207851767366.6041,375732927162.5509,1080389596559.6726,-44201393919.90555,-594664846621.4515,953855004988.4469,1606777826825.1191
428852017164.9613,-15219421373.474371,-364224545904.02594,212542130536.34833,-81077623701.46803,366192700763.0026,-315404483530.9534,543152781251.9548,19560013413.463486,-433162524868.18866,585350539329.0605,-401798961749.5627,-627686859036.9167,-47496004909.54244,1077278384993.5903,38644513927.955826,-616275443789.9352,-237645163960.11853,479460375840.5562,-280854547452.0807,-174696124101.31497,586174850914.7421,18599719082.01461,-299557267788.1993,93635541847.15402,313873852369.98425,1038209871105.0571,544335442288.6791,-441191429462.3713,-231966229424.44724,464766916806.16296,203138072052.23135,202368783334.1433,295035019131.53577,250294324039.00372,286930586626.12585,107401917722.39886,22301922802.658257,-136510112230.43506,230921534709.64328,214056517755.71475,276743124479.5415,27299587269.410046,-291804390905.62164,-180136299772.40024,21613834132.54786,309306468806.1337,10222318785.2505,34733061168.26852,382565565885.60126,619356431340.0377,445054967709.3035,244698239423.1516,117717683153.78944,182182752092.57996,349083469080.44574,141341694824.15442,272467087153.6352,312912111619.1102,160715975686.52032
424273546834.7192,27322406259.410904,-486595858987.7392,-116887532183.88971,595582380027.1226,-115797694952.52133,-309049495301.4673,832294845891.9697,-637595386509.5586,207399504443.09457,214129051942.62143,-170442609163.0608,-530346707090.9728,284097594607.61365,353449584518.7148,314998788356.1387,-517757054933.8395,-6769384204.6543045,373437526356.48883,-499328704946.0913,-371983185187.90344,39391166253.393295,-15557357570.59803,-151660823591.1108,183382739887.219,31508446551.24919,385690439628.6672,549871415284.2108,100048446954.4166,-199754632102.4448,-224461789132.54974,92857427000.35315,217916966610.62112,-9322094671.600384,244731596304.85934,182504463348.39938,113328399634.12231,158140545985.17688,65277813884.62395,176495663669.6924,469891590894.91705,470140297904.4852,422754656446.1061,242225262920.7978,354697621907.4414,543647646233.1547,228739376724.5178,392823381498.42175,418660234747.1498,455760785579.1688,512229457972.22516,508170827112.956,247538669454.1439,37299797054.433975,247436247684.57,95902298289.75903,-506904337259.12396,-357072934368.2619,203427180689.6753,108860152359.29759
403758578159.0165,89147578695.70667,-643409716519.5958,272054926566.29364,97740678610.12668,142681259137.77924,-206563734053.76822,374726628457.7389,-493774209412.4715,-146558563683.94562,1168170538673.5396,-1190472008121.4373,-161508287286.89957,652330607518.17,121863150256.9049,-748730973674.5776,187035763245.75125,241776079296.07635,98043525184.22908,522734348591.4589,-290167135145.321,-324152480153.2169,-223230795199.23407,-297471652822.32886,-69822565667.22209,266549502899.869,537702461443.87067,474412831696.69324,246272173042.26984,117221211010.5931,-332839807103.8538,-1768449294.7540627,147020024824.35248,255570959613.2122,393313158023.0831,193448098366.60828,58858357172.40808,270605805947.30258,-218274606690.29117,-45168163545.12965,-262349513069.603,219649272994.21878,404163957830.7515,343334750514.66644,95992394758.1585,473604378194.64856,691501684915.5646,564366824848.5095,236420675497.92383,337196047143.83636,457994180097.7196,230646010290.07288,374198294633.50555,30281953236.923576,173081140734.31085,339974797090.06964,972577971919.3893,1013719612285.4846,529057313665.6027,280995384408.5199
108595279003.39413,-285627842386.12195,-7812121334.620457,-81567819164.80576,-8995830008.121437,338674955121.2301,61645184977.87284,-346808478387.3803,-139121782222.9674,300214004915.5569,458345384088.7656,-534630469565.08496,-436479234643.6047,582037223982.9409,-353397544237.81244,28728176559.47248,186355733566.90628,353029060325.79126,321595238007.4739,9194862917.767962,349088925745.56036,132389362223.38477,-177051955593.3268,-73136110741.97705,-479644115539.173,-310293287496.0572,493532815036.37476,463190311062.74176,169636243106.7285,-116108118439.60895,-194559142683.92007,-287367977638.0453,-389540454085.67816,46361579060.02171,538199795299.31506,451046375467.17914,272253932564.54462,30889531672.124405,5521038249.442175,43080502060.74089,93346599001.02582,101268971109.94453,373307252389.5529,635829208308.0184,346385220572.3778,104207706123.33417,-20753052926.35036,468690332034.56067,38514044481.00033,-62573037271.288025,-140609794864.4313,-34520152561.39121,43437463009.59167,170732084917.4166,616329899243.7029,998545635735.562,564842793700.2764,61691201588.066505,108910000197.35313,261540388391.27957
170693343549.22504,-10971558767.553139,-276423848982.3889,39490774445.59566,-437767728375.28326,809480675883.0945,-216179539776.07623,-179920402388.89224,57761385297.61127,-201170265319.33887,473028359609.87115,-312377987732.0562,-390571285161.6925,313707576079.9556,-232024160212.46277,51111343262.91564,466016660882.7247,-472695365170.8931,178955332709.6192,831519963123.6132,-303036223679.4485,9172929347.388233,551244957377.2554,171474167686.68985,-264851594773.5085,-209395312274.40125,-79669608167.73497,579626272715.3877,710709670040.2247,172322828855.8216,98880335636.6234,-104656178565.78296,2402923960.942433,76846863757.57892,167598813537.5875,372009061129.1216,483203799191.97595,329124122735.15424,-115834827410.58504,-473620832920.85406,-404452284392.24835,150909481412.6015,699278823771.8218,605658386522.0117,521747230567.8435,183993275732.85626,124352725851.31485,274113920772.27075,467373819970.66754,67115631870.38709,112098149685.12425,-46940661673.71397,271810947088.32764,81306398358.35931,407124047134.49304,453297887427.37805,332880589736.08716,-6450884334.095836,-281875693510.58636,-128920664504.72714
-233087522864.8089,-24280207317.746216,634494848147.1381,-259452728374.16174,-202081487567.5557,79728802723.28369,81525101613.99045,-300161346202.7287,473101219961.9108,-140605811283.7898,-355196395370.7187,53284234445.64879,-61130446616.1871,-215326680149.46832,358486369281.73926,-558500493984.0868,321100532837.6071,453131124133.719,-304370558257.10443,117094771309.86853,387658829276.7281,-54824699670.79819,88231856738.7651,124140843849.76457,-109468601648.23698,-202492687408.9832,-23951653391.026375,-111078526551.08072,317112354854.8164,428128689189.0361,-280274873871.3417,-341803842390.6519,255979664558.84048,265027910249.19043,279938525714.2392,311062476725.59125,261662811725.31985,142878083526.7733,106363712535.6406,-24358901472.44008,-209078927122.15033,-60594880870.08577,186805239847.0208,231898812085.66864,173456875111.16724,273891830115.9037,320950251746.412,275312745358.48846,-82426827723.32434,-155130828444.36633,-60316101071.12807,144061256909.49167,277325270753.66296,388197556309.1069,751883572836.9335,502339234600.1517,-79281216969.4202,-511275395258.0638,-641677838442.6624,-472879887979.6671
187119150427.4337,153564753780.67035,-117069511865.8398,157139624884.73483,-37384162757.330246,-144273329552.71,-30962640273.08683,144670609817.87613,49794640673.11054,-233515316840.93628,36121382297.70455,260223554408.81186,-378524211299.74774,191350027944.68994,-84052509792.17218,-34227930746.46176,-303703369679.6352,446477891793.3376,471668373088.49286,-314778204390.86566,745768683249.6769,229541339545.94437,-357587099010.5648,807091119398.1539,1034579019752.7317,9666406477.951828,82636127870.0711,508776698169.2111,215968072106.31342,77779783719.3425,-222661466210.89383,-319586936730.07965,-394449651955.0992,433410297491.22,801708133394.0724,708184895940.8105,548224555924.3848,45733105796.67722,150646897724.53723,190942765217.49655,29852950168.365128,-295667555005.6827,-36246961495.4688,147190698090.375,427217236162.26483,385318599148.22015,176585321384.63538,43333741768.062164,-211193692793.86188,-279882965154.939,-280708386681.54047,55737777650.16619,351127771535.0183,569958710223.8652,603261343570.3297,348599460915.4718,207506347006.83945,-136649450555.37828,-207148810802.39313,-76355655650.9226
-408345106184.72815,292025419206.4608,-256407130912.31366,-39013255712.44143,622040272151.2686,-664732447785.3336,323021467743.44135,-270298194513.3743,-410618749033.7774,483034352747.032,-214554047502.29468,636208417260.8632,-17558974656.404106,-859205005370.2144,315012559499.9325,3628935040.9176865,-558595299202.0479,406172836498.8689,531002006460.6495,-95419121455.38686,-288907513982.30365,850998322465.6903,158455518798.7019,-1782241542894.365,-244576095592.98053,607812381905.8967,-867790257572.8102,-437901907196.35645,710211755078.51,-13749527911.65075,-637182997536.1406,-459462941299.4567,182425698280.28818,174000441698.40714,502593276759.55066,212242571146.3317,15966665030.375168,24131731000.2369,-362104900010.99115,-395990834941.2327,-161914554163.1207,-162337489775.56168,68488284586.84009,151740862494.62906,205357798491.47946,-89078522431.4123,-36559467919.53426,59220551009.78801,333486757132.8363,355697077295.69183,186925683998.72754,50748836043.29954,-10638535653.42742,233646114578.3134,249602027619.66864,-10362548873.175615,-104987548382.39598,-213811992646.3478,-626829458865.5638,-688001097938.9851
190184712459.42926,135504282829.71469,-98744733933.25418,-34828589105.21027,-357470700779.4116,38581617142.73766,302870157944.67255,-224118691996.546,-512147698665.9734,478676617988.0844,-112408062972.98329,-173228131551.39,776119797018.5553,-144728449178.2077,-284539921719.78674,-260290062383.44385,-501424567444.4863,82448875798.02249,333015616377.51135,300653640630.4017,146246383737.5653,-141139762134.14853,-132227870467.45145,-67685855267.031586,-899602351298.0914,-922547913155.208,163251461462.01297,163455294845.48004,-354383631599.7439,458548394457.6259,485157290290.03674,-579046982071.8748,-730569131564.7578,177999807687.39066,582641797337.2146,544120545654.47986,243491164098.23376,-146969669017.88162,-56507399021.13968,89858878681.62033,149248379859.79196,-28804423762.161415,55702050736.494026,103864418242.92528,6383509402.331472,154801251758.62988,420894810265.949,416835382729.98846,232094691719.59637,230266285409.17896,-77427501991.91304,-126590478727.85779,98369477616.29614,474149048120.8979,507704355637.689,360190957434.9102,243762645046.62213,72676593218.8728,23771080914.1006,84420674711.16351
120594891000.83362,383273275848.13983,-334730988245.76404,9194191437.814613,-33674263473.010788,106341415054.59776,253676227329.0025,-195344220067.2555,70968789577.46548,-79940954386.58426,-635831216298.0507,34644893541.02286,811847224833.6475,281052303350.5327,-31164906164.885315,-44377783399.788574,-566502582059.2927,146854083316.48987,622291039725.3558,-246958453633.5776,-151966326808.22928,658639547614.1666,154737610118.27393,-513707781326.17505,-271582006418.08228,119081431828.16464,44139132798.4756,-155193406895.83502,-120331523858.02762,-56140290812.55754,-100190162811.30753,104320975854.56042,48480756721.451805,-38617669073.82434,-288104159862.57245,-125819320871.78233,-112497610597.32367,-81480647024.76778,-125750163477.89272,23667645746.862877,-49387476421.46713,-134401355505.6379,-268960149002.58044,-223434819278.9978,4202186395.446247,201180730927.068,241928625097.4998,62507266172.68906,189848208675.2329,79348058444.97655,-152546946138.42175,-28648960677.50322,240733527748.4039,351006503716.1148,173668433259.84564,74279596363.84213,291708726709.2262,476823036395.9966,288543849023.6659,-1119394310.9941049
62096883603.502335,207854672175.30038,463278434163.9866,-690805160832.3301,-122609333357.631,312822522635.0945,146803489532.28848,-350427598409.6764,16019710480.97345,229879719584.6189,-209970427633.74405,-199479165247.85153,294223779906.2267,6561159614.721157,-318989199601.4221,209308517281.14777,393230567869.54724,-268977379331.2922,33911544692.2573,426727011820.89294,8960356814.547825,-81436286164.41293,-7376986450.702061,-364773927492.38165,26257308300.422325,313770521120.37274,83534963646.24547,-59027819379.79085,78214746085.52689,82506579889.12886,72932142648.57724,148564445645.58023,429738129281.97327,269522668738.6544,202253768459.8006,-10978344561.713043,-108304757088.47397,-14655438040.988708,-56396783981.66062,182291122255.14133,276999290730.8954,187587993423.9015,158496446262.3706,368439534510.6088,633322519750.615,571151212126.2175,422408832245.06116,247920125142.21887,2175261615.7672834,-140187966099.76462,-198721262740.76434,-128473801962.19301,223049498910.8517,330731046352.8321,347270507984.5846,287737890666.7609,281053168729.00323,182821317829.1706,312765336048.0072,601318437179.4528
228588617375.53986,-361951157761.1878,125901977367.34096,316689437254.36475,-333523644349.4069,395185210195.9506,-201193582751.34842,-472204245655.1077,256993918536.85312,198491652876.3481,-662686350613.1414,518559424892.9969,560115563565.4521,-298621748379.1841,-688805227174.8231,-85836971770.45987,106011635167.29196,128485813236.36404,400084203107.54596,-87015905406.49327,-170757081226.15814,68447907108.6884,-1527553729.1380596,-395781252256.59155,-409245128990.88525,70250333786.53685,143229097998.48523,-38478432664.37694,-257867189029.23807,77778757316.82516,217489257632.6698,50072826706.270836,-30638570009.796024,108869254590.21672,228025782602.44528,212583096537.31573,-70814944735.54161,-210968576789.82925,7455468863.8280115,207572584335.01572,270859097616.54486,171661430367.5812,119607614271.40955,334366484061.21716,307495744321.5483,270441325287.23846,14242250173.385262,10940007279.34496,101548196008.03488,40078646158.12171,-108844695656.07005,-185136859785.9125,19593344048.992733,-12745266290.773916,68091743965.18591,165609846541.4318,117693857886.28955,112345545627.41298,126219878351.33678,-113588281091.28464
-251536709615.76123,349689171633.8808,-175095733068.55457,-193886435516.19263,200269398058.62042,389923821805.7819,-314747929590.6211,-360001444368.2843,-110597158242.82278,123584724643.7004,507085276204.03906,-329545715768.6137,-127200509282.21083,46340438992.09999,-240960419018.60742,-113433188827.18884,-36748679682.83139,115046748263.94925,-263125859798.7618,101504625753.32338,145880851903.91354,-480831931415.6724,-231169123794.38605,278604809764.2534,-35292403527.99748,-359211771054.39996,-57504690444.0974,128191110068.32162,-80298369142.03854,-112471432887.1779,-8383443192.389563,172342778493.7761,51009182911.20299,-210864917676.19955,-365570251803.7399,-184886405730.95935,-59074341181.95006,-114492608145.50253,18529565745.403454,12299477551.891165,18911099934.258232,76726956534.29384,148441896289.9532,179757416733.27948,93735878490.67633,57337490088.31781,-50078091260.824265,-176388214823.75372,-168404684851.341,-176827108489.49243,-184179021898.31067,-332830982591.73303,-365212382464.6697,-300614216702.97845,-100773445996.61113,-129717140607.49547,-346648144164.72064,-274835463749.12543,-175076030980.61087,-185624590032.79538
130411191592.63869,-59007908855.03975,147612178146.5776,66385279643.317635,-243465683806.97897,-164237203240.4792,428843033680.7412,-127573434423.24599,-78009399427.06644,253389144153.36606,26228959993.32235,-28089798983.15981,-575745254640.3057,-165105345628.97864,287558039745.27094,-181901672651.96307,459409839.0408478,374727110938.87695,217369384171.83533,-80336371182.93904,-175117174425.79837,282750845894.9536,-93029325897.81363,64489629994.08811,746046308186.1014,316802383740.83185,-440701935899.3179,-140211006297.70425,293336702102.3612,291929209002.82623,56252188628.19627,29009274582.9164,20315706186.22104,-70957895334.66599,-164939833327.3144,-134413602169.84567,-140480990093.388,104783957252.90172,127955121160.41928,70176905979.38136,170612782263.3962,35110416846.87308,65469652262.34912,182177851572.0759,238896432698.5927,46524017219.12616,28368794725.434147,164659218759.1732,236646037114.90518,178460222645.06787,-145052521699.7918,-202332621138.66257,-201425088957.18936,-178965614827.88837,-41426985711.26678,78305962085.3127,83009460416.55621,234465211282.96103,-38317672605.68602,-132241628413.14372
217619192269.75403,-49604445765.825554,-135341563000.647,171732044268.0151,162943091992.4586,-132045774494.51898,-10835692594.25744,40534917498.44085,285539554200.9981,385501646150.8666,-207259364537.25128,-196331927110.5907,-159116426804.05676,-169469009749.93176,15044563855.683468,96418758210.6756,-202107321442.99557,-139069434907.1709,136084010483.53012,283356129797.56305,147887183856.38184,-56708973142.89957,-133277096487.76755,77995290157.55492,36620494104.581665,16790314131.079712,109555058783.46887,40782152898.385155,-56666237065.314,375873382916.58844,395675055361.23376,19254037649.15089,-45713644856.77484,300603771555.5505,306586606635.19995,146928472453.65515,-6773931461.677322,-86733431060.8693,-163275836941.8397,11054222214.703032,112529123706.4542,181645824965.33582,-51402918719.72754,-355251363832.75323,-537167631144.0165,-315692916509.9281,192354480356.48352,402245631080.0431,79941248774.80812,-90510764991.73773,-274846533951.07626,-243356571865.9275,-212630259117.2867,-14516941072.544418,-29820375807.995625,259059396025.596,358619482613.8553,395680742757.4151,189339321758.43564,-22874546525.740814
-81710351180.24535,155298521542.50006,-371258535741.36487,461684923547.2634,-269339675995.0442,-308014179936.5863,244772602364.3905,-1209738927.129795,-124595015323.63199,517395613511.23694,285084830811.44855,-452809017028.782,-23997156356.758606,-28017088875.61202,-146152359017.54022,175733081748.0359,137845612476.14453,-157133033368.7243,-447792600330.81366,-344795834014.29675,127646551135.25209,476205311617.3851,-65072352770.13339,-367645861735.20667,39230125205.99435,210509220427.57703,-115206427370.47916,-418195531878.0121,52865123368.841515,399840077563.09045,360315766445.89636,225419224610.54297,169797086675.1784,242189055263.8597,287776595802.36945,60213537368.57173,-17648677967.09094,-201857049669.15875,-359470002065.68524,-305104090760.93823,-18558428550.81212,-72126500442.17741,-164860564368.53696,-248120288321.16147,-84918844777.05048,97577954103.1987,57000554832.19148,-38842562251.33443,-249775656497.47882,-428015461447.50104,-333331319365.49585,80158313279.46524,187317057518.2405,280693539746.45496,195219630188.6194,189471044464.22052,227678711132.48312,358534318650.2385,216730712976.24313,250254742855.45343
-16096544605.269188,45045582204.15951,-150099935394.41946,53215453472.222176,41648846569.12514,-119917247225.90674,292283823965.06305,-391083868274.2429,-89707484583.6083,503381059149.775,63318449602.5165,13368866090.649157,-134614643591.47467,-289174372180.7161,-375784231969.74835,352596971809.135,663102564989.9208,-79926216243.48773,-344328769048.4355,-402957646241.30634,-269720247053.4651,120104659188.40228,-22473586113.86267,-292767720937.63055,-196866733412.68118,186251279653.31152,137370822390.18,-167458935793.0287,-106480629987.4743,116071756503.63492,269592386403.3902,265749135903.0554,242723150260.11124,237901636076.4279,268934540766.5845,58825868533.99408,-252842716336.95166,-346791193097.0247,-442694274981.8572,-283993330455.68335,-85849446763.88278,-85598336454.5733,-206441216785.6917,-121442698613.52545,-10088040594.288937,-145941911312.16876,-115468284470.66008,-94578214442.316,26093901195.8965,-1762596002.8297272,131631495855.18297,301914664053.49255,306731033268.6974,200501378449.98965,237667465016.77966,276381028761.32416,235954204375.88297,189675252447.79572,121961502531.91806,46469946024.7717
24239641253.3534,85280024387.35075,-229084170905.80145,-71224190663.7515,271371034867.41547,-302940561418.818,135895870391.59604,311273393416.54395,-224565004801.26157,-120976295350.6783,351139108937.06903,256661489027.27066,-117739485305.26341,-210967734736.32077,-265737161524.52765,-52470736804.94137,263080515152.34866,455894466975.45496,-166291125983.39844,-482065244141.6779,91408773042.24597,217198476777.27878,148210610454.4028,302001687523.39954,30712262469.55383,-185191337120.42834,2947509807.039014,323507720059.32526,306403782180.17725,275869856212.45856,116635392973.34511,-12344919395.420662,-151809554718.6247,19122483103.70451,241490280197.8735,184773618050.96075,79835228728.66574,-192689885810.9348,-454731944649.5583,-416636527702.0923,-213625002344.62616,99162539049.08691,203528448414.14166,265240010601.30383,202302280288.2504,-26502497132.385906,-324687505661.95685,-386659769402.0416,-222907253210.78116,-80606239105.97226,-57703293809.91056,144266301773.4486,284468114433.51685,382980604790.89886,431766300817.379,484492511135.15405,295910626253.0696,272232260103.6093,258149461087.84232,-354437438841.1479
-152484266972.4417,1767547529.2912838,489223795861.34814,-484520491397.38837,230595396751.4106,71968392996.09375,-116146705176.01883,187260806235.6896,168670759045.55865,-281669428978.043,-112358952415.64546,380538951701.9484,138243296477.70465,-515308623171.3683,-151681154784.4604,137874600232.75592,-62269688425.38541,249267068700.50836,279356654771.6457,-313375587991.36127,-457734579247.5836,115669708209.49425,364911596631.55597,147250858281.08545,116043586833.52086,223136524715.52686,-102252804857.88669,-322410346587.8158,92230288579.28001,309716889346.397,-25258116361.40885,-252844924985.87317,-389509764808.962,-289129340094.2993,-11118177178.423988,119927472957.23595,122670065607.07318,81239119897.19756,-34503304647.23882,-63364316046.674286,-61853350034.63292,-15676295408.748936,1914435855.3138733,-10727649173.114218,-85397320967.86467,-191549674954.99402,-278032396374.38184,-255078222012.10168,-342991233000.6364,-415978887030.58484,-302736559644.9821,-92616139496.16756,-17335098970.63183,119355736599.13611,133163435131.05745,54541825480.71272,-214229989599.35287,-314811065278.3111,-110836069017.83981,-88290472936.02536
-125057511543.40442,25464435332.158825,290972891873.5644,-164044411106.34268,-211803730172.93237,266571774253.62305,-363995139530.45575,97571207377.81299,222584420159.06467,2875561805.950588,-74867060042.70453,-33908577971.366283,101702000287.31474,-217989478515.86432,-253920635838.02643,139555744231.5508,138380898037.56808,-219595086728.82108,4131482991.3906965,94940611932.63336,-483332683211.7447,-501221537386.6338,-88762823457.91841,65143556224.5152,12908362297.149227,-31263356320.49282,2616707415.5453987,69207734109.67471,89560239965.43373,41997754252.57228,-39582534612.66696,-59055994025.18,-234329572666.99606,-199396059817.3317,65162761916.844795,206769536203.28394,201341733774.4983,22910853455.519104,-224097869496.2359,-321915454055.06665,-191810447186.67004,32091837208.16491,136959168671.3539,171717677004.56766,342056444601.73773,463405253491.58386,375978899112.1013,186750478728.88577,-44429807073.678185,-10831587744.469152,-10726413572.344122,17710188723.53649,-64251279494.85417,-175768042440.3045,-353273449619.3309,-394997726108.31464,-191355085271.445,266043042232.2729,417398436171.4353,256842908824.60876
-234115542882.28186,116432756191.02,91333263286.08357,77376251416.69003,141103530277.83865,-280039428240.58636,14631638666.033628,-14772106268.540546,66590634313.22815,88512320642.38387,-25265491995.029743,49196869279.717865,3729313544.488124,-47403462938.66678,-209585822729.74518,-105915426328.60107,415462123854.49646,234768547210.31415,-65142856876.91178,-250951001815.74283,-159179625330.96835,-42418469887.981895,-19304953504.4611,-128586981062.41656,-128575452330.6287,-223794134167.85013,-246298895092.42075,-166302510140.26666,-13949113461.731863,26881568590.01908,-63211656225.48003,-257088518443.3239,-342560942411.203,-324291357606.3626,-87224061781.51271,128298783393.0619,68235364299.08708,-93411035166.64528,-206983580708.40912,-385006565140.1638,-354702649117.33624,-198749460203.8432,-115330219626.65599,-75768527921.18077,132696503573.77252,351529729413.08594,575604732172.537,550156111444.8538,304285415315.04254,242732506570.39713,369712162910.11896,321630845013.39136,102708537735.08133,35195307852.78777,-32680232374.71494,195614303048.71896,297117917058.09375,281688421204.61487,27342298085.21342,-213079817408.05255
-106522714157.4915,-61241153099.24117,277513054998.35425,-342507693956.8874,218302748053.25952,237627422304.4184,-335515643455.4799,-83690856824.51697,-126944052516.06311,5640301285.865701,172224593249.6976,-182639830507.03397,89372022667.66174,-33261514113.43465,149065054477.12518,227359929289.0872,-119118742171.44447,-14519253139.237854,212701288753.76736,-84850329703.5181,-172968121006.30142,-174737326273.2765,-51015808185.097946,-5766075684.246573,-146149849558.05646,-320818557766.5134,-135756020296.70596,35946125960.33028,82263614326.06757,-38721023662.23721,-163855271322.38263,-204172920702.93118,-337433709296.6405,-376773082972.13226,-246391910064.1092,-152822531766.93393,-5812001536.841247,50560301764.14999,-121975864242.54861,-322662627262.2506,-343664291231.6381,-287965654322.82196,-208148897349.51254,-142797048051.4126,-25234949881.377316,-50683630055.143745,61346567850.68714,4418754874.890194,99149407317.42062,187811710399.27606,196771234512.34552,257674984101.77298,81603612753.36542,-137736933008.78378,-304927554384.9555,-251858109835.06784,-74527071184.33249,24754160372.025547,-9165072689.680267,-168352296485.52365
